,Name,Price,Sold
0,T9 Hair Clipper Beard Shaving Body Hair Trimmer Clippers Electric Hair Cutting Machine Professional Barber Men Trimmer Shaver ,0.99,"10,000+ sold"
1,T9 LCD Electric Hairdresser Oil Shaving Head Electric Pusher Carving Electric Pusher Clipper Hair Precision Trimmer for Men Care ,0.99,"10,000+ sold"
2,Vintage T9 Electric Hair Cutting Machine LCD Hair Clipper Professional Men Shaver Rechargeable Barber Trimmer for Men ,0.99,"10,000+ sold"
3,4 in 1 trimmer for men Electric Nose and ear trimmer Rechargeable Trimmer For Hair Beard Nose And Ear Cleaner Grooming Set ,0.99,459 sold
4,Vintage Electric Hair Cutting Machine Hair Clipper Professional Men Shaver Rechargeable Barber Trimmer for Men Barber Machines ,0.99,5 sold
5,VGR Rechargeable Hair Trimmer Beard Hair Clipper Rechargeable Hair Cutter Electric Haircut Machine For Men V-191 ,0.99,11 sold
6,Electric Nose Hair Clipper Rechargeable Multi-kinetic Shaving Two-in-one Unisex Fully Automatic Washable   Trimmer ,0.99,"1,000+ sold"
7,Electric Hair Cutting Machine Vintage T9  Hair Cutting Machine Professional Barber Men Trimmer Shaver hair clipper ,0.99,10 sold
8,T9 Hair Clipper Beard Shaving Body Hair Trimmer Clippers Electric Hair Cutting Machine Professional Barber Men Trimmer Shaver ,2.58,11 sold
9,HIENA T9 Hair Clipper set for men LCD Power Display barber Electric Hair Trimmer vintage carving Beard Shaving haircut machine ,0.99,3 sold
10,Resuxi 730 Hair Clipper and Electric Shaver Set All Metal Body Oil Head Electric Trimmer Pushing Cutting Carving and Shaving Set ,79.95,7 sold
11,KIKIDO Electric Hair Clipper 6500 RPM Professional Hair Trimmer Adjustable Barber Rechargeable Hair Cutting Machine for Men ,18.57,8 sold
12,New USB Electric Hair Clippers Rechargeable Shaver Beard Trimmer Professional Men Hair Cutting Machine Beard Barber Hair Cut ,0.99,211 sold
13,VGR V-075 Electric Beard Trimmer Professional Rechargeable Cordless Hair Trimmer for Men ,4.23,8 sold
14,Hot T9 Electric Men's Hair Clipper Digital Display 180 Motor 14500-500 Mah High Power Old Man/Skeleton/Dragon/Buddha Appearance ,4.96,6 sold
15,Hair Cutting Machine Vintage T9 Original Rechargeable Trimmer for men Electric Shaver Dragon Cordless Clipper Hair for barber ,4.33,23 sold
16,2024 New T9 Hot Hair Clipper Trimmer Cordless Hair Cutting Machine Hair Clipper Men USB Trimmer Professional Hair Barber Trimmer ,2.31,8 sold
17,VGR Hair Clipper Trimmer Cutting Machine for Men Electric Barber Professional Barber Machines Cutter Equipment Rechargeable	v937 ,6.17,8 sold
18,VGR   New Design Barber Cordless Rechargeable Professional Hair Trimmer for Men ,7.94,8 sold
19,Three-Speed Variable Gear T9 Clipper Hair Rechargeable Man Shaver Trimmer For Men's Barber Professional New Hot Sale ,0.96,105 sold
20,HIENA T9 Hair Clipper set for men LCD Power Display barber Electric Hair Trimmer vintage carving Beard Shaving haircut machine ,0.99,3 sold
21,2024 WMARK NG-9003 powerful High Speed Professional Hair Clipper Microchipped Magnetic Motor 10000RPM 9V Motor With Charge Stand ,63.25,3 sold
22,Kemei KM-2296 Professional Hair Clipper for Men Hair Cutting Machine with Seat Charger Hair Trimmer Machine Haircut Machine ,26.91,700+ sold
23,New USB Electric Hair Clippers Rechargeable Shaver Beard Trimmer Professional Men Hair Cutting Machine Beard Barber Hair Cut ,0.99,211 sold
24,VGR Hair Clipper Professional Hair Trimmer Electric Clippers Cordless Hair Cutting Machine 9000RPM Trimmer Clipper for Men V-003 ,20.87,"10,000+ sold"
25,Kemei KM-5021 Electric Hair Clipper Professional Hair Cutting Kit USB Cable Rechargeable Bald Head Men's Hair Trimmer Machine ,3.62,33 sold
26,2024 New T9 Hot Hair Clipper Trimmer Cordless Hair Cutting Machine Hair Clipper Men USB Trimmer Professional Hair Barber Trimmer ,2.31,8 sold
27,Vintage Electric Shaver Barber portable Hair Cutting Machine  USB Charging  Beard Clipper Hair Cordless Trimmer For Men's Barber ,2.32,17 sold
28,Kemei Cordless Hair Trimmer Professional 0mm Zero Gapped Carving Clipper Detailer Electric Finish Cutting Machine KM2299 Barber ,11.32,7 sold
29,VGR Hair Trimmer Electric Hair Clipper Barber Cordless Hair Cutting Machine Mini Haircut Edgers Cutter Clipper for Men V-030 ,1.16,411 sold
30,Kemei KM-2299 Men's Hair Clipper Professional Electric Hair Clipper USB Rechargeable Barber Trimmer Men's Electric Hair Clipper ,4.88,177 sold
31,VGR Hair Trimmer Professional Hair Clipper Wireless Hair Cutting Machine Electric Zero Cutting Machine Trimmer for Men V-071 ,0.99,243 sold
32,2023 T9 0mm Professional Hair Clipper Beard Trimmer Electric Razors Men Hair Shaver Beard Barber Hair Cut Cutting Machine ,6.22,15 sold
33,Kemei KM-2024 Men Electric Shavers Waterproof Reciprocating Foil Razor Precision Beard Trimmer Twin Blade Rechargeable with Sack ,7.04,44 sold
34,T9 Professional Hair Trimmer 0MM Hair Clipper for Men USB Cordless Hair Cutting Machine Electric Beard Trimmer Hair Clippers ,0.99,33 sold
35,Baby Electric Clippers Charging Vintage Oil Head Sculpting Shaver Barber Shop Appliance Home Hair Salon ,57.37,13 sold
36,Kemei KM-PG1990A USB Rechargeable Electric Hair Clipper Professional Cordless Men Hair Trimmer Men's Hair Cutting Machine ,5.83,"1,000+ sold"
37,2024 New Vintage T9 Hair Cutting Machine Men's Electric Shaver Rechargeable Hair Trimmer Beard Clipper Barber Hair Cut Hot Sale ,1.85,57 sold
38,VGR Electric Hair Trimmer Cordless Professional Rechargeable Golden Best Barber Hair Clipper for Men ,19.59,3 sold
39,nose hair trimmerNew digital display electric nose hair trimmer Men's nose hair washing ,33.42,79 sold
40,Hot Sale Hair Cutting Machine Men Beard Trimmer Electric Hair Clipper T9 Hair Trimmer Rechargeable Electric Shaver Beard Barber ,2.14,3 sold
41,Kemei KM-2024 Men Electric Shavers Waterproof Reciprocating Foil Razor Precision Beard Trimmer Twin Blade Rechargeable with Sack ,7.04,44 sold
42,VGR Hair Trimmer Professional Hair Clipper Wireless Hair Cutting Machine Electric Zero Cutting Machine Trimmer for Men V-071 ,0.99,243 sold
43,"Professional Dog Grooming Electric Corded Clipper Super 2-Speed,Low Noise,Cool & Quiet Running Design for Thick Heavy Coats,Dogs ",32.23,76 sold
44,T9 Vintage Hair Trimmer Rechargeable Hair Clipper Cordless Hair Cutting Machine Electric Haircut Digital Display Trimmer for Men ,0.94,2 sold
45,Original VGR Electric Hair Beard Trimmer For Men Groin Hair Clipper Body Shaver Groomer Pubic Bikini for Women&Men Rechargeable ,1.95,19 sold
46,VGR Electric Razor Electric Shaver Rechargeable Shaving Machine for Men Shaver Beard Razor Beard Trimmer Hair Trimmer V-332 ,7.98,4000+ sold
47,Professional T9 Vintage Electric Rechargeable Hair Clipper Machine Hair Barber Trimmer For Men Hair Cutting ,0.67,800+ sold
48,VGR Hair Cutting Machine Professional Hair Clipper Beard Trimmer Barber USB Rechargeable Electric Cordless Trimmer for Men V-933 ,3.73,306 sold
49,Hot Sale Hair Cutting Machine Men Beard Trimmer Electric Hair Clipper T9 Hair Trimmer Rechargeable Electric Shaver Beard Barber ,2.27,3 sold
50,Original Kemei Rechargeable Shaver For Men Waterproof Electric Shaver Beard Machine Bald Head Electric Razor KM-2024 Extra Mesh ,7.44,11 sold
51,Kemei Men's Electric Hair Clipper USB Rechargeable 0mm Gapped Carving Clipper Cordless Hair Trimmer Hair Cutting Machine KM-2296 ,16.4,171 sold
52,Original VGR Professional Hair Clipper For Men Rechargeable Hair Trimmer 9000RPM motor Electric Beard Haircut Barber Machine 8W ,22.63,500+ sold
53,Cordless T9 Mini Hair Clipper Professional Barber Beard Trimmer for Men Low Noise Rechargeable Carving Hair Cutting Machine ,0.99,31 sold
54,1/2pcs Portable Manual Nose Hair Trimmer Washable For Men And Women Waterproof Double Head Nose Hair Removal ,0.99,1 sold
55,3-in-1 Wet & Dry Nose Trimmer for Men & Women Facial Beard Beauty Electric Eyebrow Trimmer Rechargeable Ear Cleaner Set ,0.99,2 sold
56,Electric Nose Hair Trimmer with Digital Display Multi-Function Household Portable Nose Hair Removal Scissors for Men and Women ,0.99,3 sold
57,Clipper Electric Hair Trimmer for men Electric shaver professional Men's Hair cutting machine Wireless barber trimmer ,22.04,3000+ sold
58,Powerful Professional Hair Trimmer Men 0 MM T Blade Electric Clipper Rechargeable Barber Haircut Machine Beard Trimmer Shaver ,6.06,215 sold
59,Kemei Cordless Hair Clipper Electric Professional Adjustable Hair Trimmer Beard For Men Haircut Machine ,0.99,59 sold
60,"7pcs T-Blade Electric Hair Clipper, Cordless USB Rechargeable Shaving Trimmer With Guide Comb For Personal And Stylist Use ",0.99,11 sold
61,T9 LCD Electric Hairdresser Oil Shaving Head Electric Pusher Carving Electric Pusher Clipper Hair Precision Trimmer for Men Care ,2.19,4 sold
62,VGR Hair Clipper Professional Hair Cutting Machine Rechargeable Hair Trimmer T9 Rechargeable Haircut Trimmer for Men V-082 ,5.95,25 sold
63,2023 Electric Hair Cutting Machine Vintage T9 Hair Clipper Rechargeable Man Shaver Trimmer Men's Barber Professional Hot Sale ,0.99,56 sold
64,2024 Professional Electric Shaver for Men Razor for Men Mower Beard Trimmer Barber Shaving Machine T9 Hair Clipper Dropshipping ,0.99,"1,000+ sold"
65,Intimate Areas Haircut Precision Shaver Men Bikini Line Sensitive Razor Balls Eggs Pubic Hair Shaving Trimmer Face Beard Clipper ,4.89,800+ sold
66,Electric Nose Hair Trimmer Men Women Ear Razor Removal Shaving Tool Face Care（Not Including Battery） ,0.99,3 sold
67,ENCHEN Boost Electric Hair Clipper Professional Cordless Fast Type-C Charging Ceramic Haircut Machine Hair Trimmer For Men Adult ,0.99,2 sold
68,Kemei 1990 new hair clipper professional hair clipper men's hair clipper electric trimmer LCD display hair clipper Almighty set ,22.05,3000+ sold
69,Professional Hair Clipper for Barber Salon Men Shaver Electric Beard Trimmer T Blade 0 MM Cordless Hair Cutter Haircut Machine ,5.25,"1,000+ sold"
70,1pc Electric Shaver Professional Hair Trimmer Rechargeable Razors ，Portable Beard Trimmer ，Mini Hair Shaver for Men ,0.99,10 sold
71,Vintage T9 Hair Cutting Machine Portable Shaver Barber Rechargeable Hair Trimmer Men Electric Trimmer Shaver Body Hair Clipper ,0.99,67 sold
72,Original VGR Combo Kit Hair Clipper Beard Hair Trimmer For men Electric Hair Cutting Machine Rechargeable Haircut ,15.51,222 sold
73,Electric Hair Trimmer T-Blade LED Display Hair Cutting Machine Battery Operated Haircutting Clipper for Hair Cutting ,8.73,1 sold
74,2024 Professional Electric Shaver for Men Razor for Men Mower Beard Trimmer Barber Shaving Machine T9 Hair Clipper Dropshipping ,0.99,1 sold
75,Kemei-1102 Rechargeable Cordless Shaver for Men Twin Blade Reciprocating Beard Razor Face Care Multifunction Strong Trimmer ,4.68,600+ sold
76,Kemei 696 Electric Hair Clipper Multifunctional Trimmer For Men Electric Shaver For Men's Razor Nose 5 In 1 Professional Trimmer ,10.18,500+ sold
77,Updated Electric Shaving Nose Ear Trimmer Safe Face Care Rechargeable Nose Hair Trimmer for Men Shaving Hair Removal Razor Beard ,1.0,4 sold
78,Professional 5 Star Stylecraft Magic Clip Legend Cordless Hair Clipper&Trimmer&Foil Shaver Combo Set For Barbers and Stylists ,33.39,202 sold
79,"Professional Hair Clippers for Men,Hair Clippers+T-Blade Trimmer+Electric Shaver+Nose Hair Trimmer Set ",79.5,1 sold
80,Professional T9 Hair Clipper for Men Electric Hair Cutting Machine Barber Beard Shaving USB Rechargeable Shaver Hair Trimmer Set ,0.99,4 sold
81,Vintage Electric Shaver Barber portable Hair Cutting Machine  USB Charging  Beard Clipper Hair Cordless Trimmer For Men's Barber ,2.32,17 sold
82,VGR Hair Cutting Machine Professional Hair Clipper Beard Trimmer Barber USB Rechargeable Electric Cordless Trimmer for Men V-933 ,3.73,306 sold
83,Kemei Brand KM-2299 New Version Electric Hair Clipper Professional Electric Hair Trimmer For Men Home or Barbaer Shop Use ,5.68,47 sold
84,Nose Trimmer for Men Stainless Steel Manual Washable Nose Trimmer for Nose Portable Face Ear Hair Trimmer ,0.99,5 sold
85,Kemei Pro Body Trimmer For Men Women Groin Body Groomer Pubic Ball Shaver Electric Wet Dry Face Beard Hair Trimmer Rechargeable ,14.52,20 sold
86,Kemei-2629 Professional Men's Hair Clipper Hairdresser Adjustable Hair Trimmer Hair Trimmer LCD Beard Trimming Kit ,7.43,2 sold
87,Updated Electric Shaving Nose Ear Trimmer Safe Face Care Rechargeable Nose Hair Trimmer for Men Shaving Hair Removal Razor Beard ,1.0,4 sold
88,Kensen S16 Body Hair Shaver Kits for Men 3 In 1 Beard Hair Trimmer IPX6 Waterproof Hair Cutting Machine Electric Clipper Barber ,26.21,800+ sold
89,Original Kemei Beard Hair Trimmer For Men Electric Hair Clipper Cordless Professional Haircut Machine Rechargeable ,12.7,146 sold
90,Electric Hair Cutting Machine Vintage Clipper Hair Rechargeable Man Shaver Trimmer For Women Men's Barber Professional T9 New ,0.99,1 sold
91,Wholesale Electric Gold Silver Color Hair Trimmer Kemei Km-679 USB Charging Mini LCD Light Carving Scissors Hair Clipper ,0.99,47 sold
92,VGR Men's Professional Electric Hair Clipper Rechargeable Barber Hair Trimmer For Men 9000RPM Motor Beard Haircut Machine V-906 ,23.3,50 sold
93,Electric Hair Cutting Machine T9 USB Hair Clipper For Men Rechargeable Man Shaver Hair Trimmer Barber Beard Trimmer for men ,2.81,20 sold
94,Travel Cordless Hair Cutting Machine Electric Beard Shaver T9 Vintage Shaver Trimmer Shaver Rechargeable Barber For Men's Barbe ,0.99,10 sold
95,VGR Hair Cutting Machine Cordless Hair Trimmer Professional Hair Clipper Electric Haircut Machine T-Blade Clipper for Men V-071 ,0.99,186 sold
96,New In Hair Cutting Machine Clipper for Men Barber Shop Trimmer for Men Mower Men's Electric Shaver Haircut Beard Trimmer ,0.99,77 sold
97,Nose Hair Ear Trimmer For Men Stainless Steel Manual Washable Portable Tondeuse Nez hair remover Nose Vibrissa Razor Shaver ,1.05,77 sold
98,VGR Hair Trimmer Professional Hair Clipper Cordless Hair Cutting Machine Rechargeable Haircut Electric Clipper for Men V-937 ,8.89,19 sold
99,Original VGR Metal 9000RPM Hair Clipper Professional Men's Rechargeable Hair Trimmer Barber Cordless Hair Cutting Electric 8W ,12.94,800+ sold
100,T9 Original Machine Colorful Body Smooth Feel Hair Trimmer for Men Turkey Customs Products Professional Hair Clipper Clip ,0.99,330 sold
101,4in1 Rechargeable Nose Trimmer Beard Trimmer for Men Ear Eyebrow Nose Hair Trimmer for Nose and Ear Hair Removal Clean Machine ,7.02,"10,000+ sold"
102,T9 Vintage Electric Cordless Hair Cutting Machine Professional Barber Trimmer for Men Clipper Shaver Beard Lighter Gift ,2.83,9 sold
103,VGR Hair Cutting Machine Professional Hair Clipper Beard Trimmer Barber USB Rechargeable Electric Cordless Trimmer for Men V-933 ,3.73,306 sold
104,T9 LCD Electric Hairdresser Oil Shaving Head Electric Pusher Carving Electric Pusher Clipper Hair Precision Trimmer for Men Care ,2.19,4 sold
105,Original Kemei Adjustable Hair Clipper Professional Corded 220-240V Hair Trimmer For Men 12W Powerful Haircut Machine Tapering ,21.17,106 sold
106,Hair Clipper Men Hair Clipper Electric Clippers New Electric Men's Retro T9 Style Buddha Head Oil Head Scissors ,0.99,63 sold
107,Sejoy Electric Nose Hair Trimmer For Men And Women Mini Portable Electric Nose Ear Hair Trimmer Face Eyebrow Mustache Clipper ,0.99,9 sold
108,USB Rechargeable T9 Baldheaded Hair Clipper LCD Electric Hair Trimmer Cordless Shaver Trimmer 0mm Men Barber Hair Cutting Machin ,22.18,24 sold
109,MLG Electric Shaver For Men and Women Portable Full Body Trimmer USB T Shaped Blade Razor For Beard Armpit For Washable ,0.99,500+ sold
110,Kemei 232 Mini Professional Hair Clipper Men's Electric Beard & Hair Trimmer Rechargeable Adjustable Hair Cutter Machine Kit ,0.99,294 sold
111,Kemei KM-6636 4 in1 Electric Ear And Nose Hair Trimmer Shaver Clipper Rechargeable Razor Shaving Device ,8.46,6 sold
112,T9 Professional Hair Cutting Machine Wireless Electric Hair Trimmer Digital Display Hair Clipper Men Beard Shaver Barber For Men ,0.99,"10,000+ sold"
113,Sejoy Electric Hair Trimmer 5800RPM Professional Rechargeable Shaver Hair Cutting Machine for Men Hair Clipper Barber Shop ,10.66,"10,000+ sold"
114,Kemei Wet Dry Groin Body Trimmer For Men & Women Electric Face Beard Hair Trimmer Rechargeable Pubic Ball Shaver Body Groomer ,14.78,77 sold
115,"New Retro T9 Hair Clipper For Men, Electric Shaver, Rechargeable Hair Clipper, Portable Cordless Beard Trimmer ",0.99,31 sold
116,Original VGR Combo Kit Hair Clipper Beard Hair Trimmer For men Electric Hair Cutting Machine Rechargeable Haircut ,15.51,222 sold
117,T9 LCD Electric Hairdresser Oil Shaving Head Electric Pusher Carving Electric Pusher Clipper Hair Precision Trimmer for Men Care ,2.19,4 sold
118,Kemei-1102 Rechargeable Cordless Shaver for Men Twin Blade Reciprocating Beard Razor Face Care Multifunction Strong Trimmer ,4.68,600+ sold
119,T9 Hair Clipper Professional Electric Hair Trimmer 0mm Baldheaded Cutter Beard Shaving Precision Finishing Hair Cutting Machine ,0.99,28 sold
120,Electric Nose Hair Trimmer Rechargeable Nose Hair Trimmer for Men ,3.19,379 sold
121,KEMEI Electric Nose Hair Trimmer for Men And Women Available With Low Noise High Torque High Speed Motor Washable Nasal Hair ,0.99,18 sold
122,New In Hair Cutting Machine Clipper for Men Barber Shop Trimmer for Men Mower Men's Electric Shaver Haircut Beard Trimmer ,0.99,63 sold
123,Kemei 696 Electric Hair Clipper Multifunctional Trimmer Men Electric Shaver Razor Nose Trimmer Hair Cutting Machine Grooming Kit ,23.25,3 sold
124,Kemei 1071 Electric Hair Clipper UBS Rechargeable Cordless Beard Trimmer For Men Powerful Electric Hair Cutting Machine ,11.62,346 sold
125,LCD Display T9 Electric Hairber 0mm Shaver Hair Trimer Home Appliances Travel Barber Razors Shaving Machine for Men Trimmer Man ,0.99,17 sold
126,T9 Vintage Electric Cordless Hair Cutting Machine Professional Barber Trimmer for Men Clipper Shaver Beard Lighter Gift ,2.83,9 sold
127,VGR Hair Cutting Machine Electric Hair Clipper Professional Haircut Machine Mini Barber Rechargeable Hair Trimmer for Men V-071 ,0.99,116 sold
128,T9 Professional Hair Cutting Machine Wireless Electric Hair Trimmer Carving Display Hair Clipper Men Beard Shaver Barber For Men ,0.99,5 sold
129,"KEMEI Professional Hair Clippers for Men, Professional Barber Clippers and Trimmer Set. ",8.68,250 sold
130,Hair Clipper Professional Hair Trimmer Beard Shaver Men Hair Cutting Machine Barber For Men Vintage T9 Trimmer ABS Handle ,0.99,52 sold
131,Original VGR Professional Cordless Hair Clipper Men Electric Beard hair cutter machine Rechargeable Hair Trimmer ,20.41,16 sold
132,1PC Electric Ear Neck Nose Hair Trimmer Eyebrow Trimmer Implement Shaver Clipper Shaver Man Woman Clean Trimer Razor Remover Kit ,0.58,23 sold
133,4in1 rechargeable nose trimmer beard trimer for men eyebrow nose hair trimmer nose and ear hair removal ear shaver machine ,0.99,26 sold
134,"Vacuum Trimmer - Trimvac Pro, Mens Waterproof Beard Trimmer, Beard Trimmer ",22.4,2 sold
135,VGR V-973 Hair Cut Machine Barber Rechargeable Electric Professional Cordless Hair Trimmer for Men ,5.92,4 sold
136,"New Retro T9 Hair Clipper For Men, Electric Shaver, Rechargeable Hair Clipper, Portable Cordless Beard Trimmer ",0.99,31 sold
137,VGR Hair Clipper Professional Hair Trimmer LED Display Hair Cutting Machine Adjustable T9 Rechargeable Trimmer for Men V-697 ,16.08,67 sold
138,Hot Sale Hair Cutting Machine Men Beard Trimmer Electric Hair Clipper T9 Hair Trimmer Rechargeable Electric Shaver Beard Barber ,2.19,7 sold
139,T9 Professional Electric Hair Clipper for Men Retro Oil Hair Cutting With Battery Indicator Razor Hair Trimmer Rechargeable ,0.99,10 sold
140,Kemei 10W Hair Clippers Men Beard Trimmer Zero Gapped T Blade Hair Cutting Machine Cordless Professional Barber Edgers Cutter ,5.7,2 sold
141,MLG Electric Shaver For Men and Women Portable Full Body Trimmer USB T Shaped Blade Razor For Beard Armpit For Washable ,0.99,469 sold
142,VGR Grooming Kit Hair Trimmer 6 In 1 Hair Clipper Nose Trimmer Shaver Body Trimmer Professional Rechargeable Metal Vintage V-106 ,24.7,3000+ sold
143,Ceramic Hair Clipper Limit Comb Guide Replacement Clipper Blade Cutter Hair Grooming Trimmer Head Shaver Universal Accessories ,0.99,17 sold
144,Nose Hair Trimmer USB Charging Dual-Edge Blades 7000 RPM Electric Portable Men Mini Nose Hair Trimmer Face Care Kit Tools ,0.99,8 sold
145,Replace Blade Cutter Head For WAHL 8081 Hair Clipper Trimmer Hair Cutting Razor Haircut Machine Salon accessories set metal tool ,5.21,57 sold
146,Electric Shaver Washable Rechargeable Beard Razor Body Trimmer Men Shaving Machine Hair Face Care Cleaning Hair Clippers for Men ,0.99,263 sold
147,Hot Sale Wireless Metal Body Accessories Man Body Beard Barber Shop Professional Electric Hair Shaver Haircut Razor Machine ,4.56,1 sold
148,VGR Hair Clipper Cordless Hair Trimmer Waterproof Haircut Machine Rechargeable Clippers Professional Clippers for Men V-938 ,6.72,1 sold
149,T9 Vintage Hair Trimmer Portable Hair Cutting Machine USB Fast Charging Shaver Barber  Cordless Hair Clipper For Men's Barbe ,2.12,9 sold
150,T9 Professional Electric Hair Clipper for Men Retro Oil Hair Cutting With Battery Indicator Razor Hair Trimmer Rechargeable ,0.99,10 sold
151,Clipper Electric Hair Trimmer for Men Electric Shaver Professional Men's Hair Cutting Machine Wireless Barber Trimmer Cordless ,9.56,6 sold
152,Professional T9 USB Electric Hair Clipper For Men Hair Cutting Machine Rechargeable Man Shaver Trimmer Barber Beard Trimme ,0.99,5 sold
153,Electric Nose Hair Trimmer For Men Battery Model Trimming Nose Hair Women Nostrils Trim The Hair Scissors Nasal Hair Knife ,1.79,"10,000+ sold"
154,Cordless Men Beard Trimmer Rechargeable Electric Shaver with 20 Trim Built-in Vacuum Clipper for Mustache Sideburns Grooming Kit ,8.6,474 sold
155,"Nose Hair Trimmer For Man Woman Waterproof Stainless Steel Hairs Grooming Device, Portable Nose Hair Trimmer With Cleaning Brush ",0.64,57 sold
156,Double-ended Nose Knife Manual Nose Hair Trimmer Portable Hair Scraper Shaving Nose Hair Neus Trimmer Men 5pcs Mixcolor ,0.99,3 sold
157,T9 Professional Hair Cutting Machine Wireless Electric Hair Trimmer Digital Display Hair Clipper Men Beard Shaver Barber For Men ,0.99,3 sold
158,"Nose Hair Trimmer Waterproof Stainless Steel Hairs Grooming Device, Portable Nose Hair Trimmer With Cleaning Brush For Man Woman ",0.79,10 sold
159,Professional Vintage Electric Rechargeable Hair Clipper Machine Hair Barber Trimmer For Men Hair Cutting ,2.99,130 sold
160,VGR Adjustable Hair Beard Trimmer Professional Hair Clipper Rechargeable Cordless Haircut Machine For Men V-080 ,5.49,5 sold
161,T9 Vintage Hair Trimmer Portable Hair Cutting Machine USB Fast Charging Shaver Barber  Cordless Hair Clipper For Men's Barbe ,2.12,9 sold
162,T9 Hair Trimmer Electric Clipper For Men Barber Beard Trimmer Rechargeable Electric Hair Clipper Cutting Machi Almighty Set ,2.24,7 sold
163,Electric Nose Hair Trimmer For Men Battery Model Trimming Nose Hair Women Nostrils Trim The Hair Scissors Nasal Hair Knife ,1.79,"10,000+ sold"
164,ENCHEN Boost Electric Hair Clipper Professional Cordless Fast Type-C Charging Ceramic Haircut Machine Hair Trimmer For Men Adult ,8.99,43 sold
165,Replacement Hair Clipper Blades Ceramic Cutter Head For Enchen Boost Hair Cutter Hair Clipper Universal Accessories ,0.99,201 sold
166,Electric Ear Nose Trimmer Eyebrow Shaver Nose Hair Trimmer Nose Hair Scissors Shaving Hair Removal Tool For Men and Women ,0.99,3 sold
167,Kemei Professional Hair Clipper Adjustable Hair Trimmer For Men Cord&Cordless Electric Beard Haircut Machine Rechargeable ,7.89,500+ sold
168,Kemei All in One hair trimmer for men Facial Beard Grooming kit hair clipper electric Shaver waterproof Body Trimer Nose Ear ,16.1,500+ sold
169,2024 New Vintage T9 Hair Cutting Machine Men's Electric Shaver Rechargeable Hair Trimmer Beard Clipper Barber Hair Cut Hot Sale ,0.99,"10,000+ sold"
170,VGR Adjustable Hair Beard Trimmer Professional Hair Clipper Rechargeable Cordless Haircut Machine For Men V-080 ,5.49,5 sold
171,T9 Professional Electric Cutting Cordless Body Hair Trimmer For Man Rechargeable Beard Hair Clipper USB Haircut Machine Shaver ,2.19,15 sold
172,T9 Hair Trimmer Electric Clipper For Men Barber Beard Trimmer Rechargeable Electric Hair Clipper Cutting Machi Almighty Set ,2.24,7 sold
173,Black Electric Nose Hair Trimmer For Men And Women Available With Low Noise High Torque High Speed Motor Washable Nasal Hai T2J8 ,0.99,63 sold
174,Electric Ear Nose Hair Trimmer Painless USB Rechargeable Waterproof For Men and Women Nose Eyebrow Facial Hair Removal ,0.99,5 sold
175,Kemei Groin Area Hair Trimmer Lawn Mower Ceramic Blade Waterproof Wet Dry Clippers Pubic Armpit Body Hair Ultimate Hygiene Razor ,10.98,9 sold
176,Nose Hair Trimmer USB Rechargeable Trimmer For Nose AndEar Hair Metal Shaver Electric Shaver Trim Nose Hair For Women And Men ,0.99,32 sold
177,Kemei KM-2026 Men's Electric Shaver Professional Hair Clipper LCD Display Beard Trimmer Hair Trimmer Machine USB Shaver Male ,23.26,19 sold
178,ENCHEN Boost Electric Hair Clipper Professional Cordless Fast Type-C Charging Ceramic Haircut Machine Hair Trimmer For Men Adult ,10.88,48 sold
179,Electric Trimmer for Men's Groin Hair: Versatile Body Groomer and Waterproof Pubic Hair Trimmer with Replaceable Ceramic Blade ,9.25,239 sold
180,JOYROOM IPX7 Waterproof Ear and Nose Hair Trimmer Rechargeable Painless Eyebrow Nose Hair Clipper for Men Women Dual Edge Blades ,8.17,17 sold
181,Hair Clipper Electric Barber Hair Trimmers For Men Adults Kids Cordless Rechargeable Hair Cutter Machine Professional ,0.99,600+ sold
182,Hot Sale Hair Cutting Machine Men Beard Trimmer Electric Hair Clipper T9 Hair Trimmer Rechargeable Electric Shaver Beard Barber ,2.19,7 sold
183,VGR Original Hair Clipper Professional Rechargeable Hair Trimmer Electric Haircut Machine Beard Trimmer for Men V-282 ,0.99,60 sold
184,Black Electric Nose Hair Trimmer For Men And Women Available With Low Noise High Torque High Speed Motor Washable Nasal Hai T2J8 ,0.99,63 sold
185,Blue USB Rechargeable Electric Nose and Ear Trimmer for Men Automatic Washable Shaving Tool for Smooth and Painless Grooming ,0.99,8 sold
186,Kemei Professional Hair Clipper Adjustable Hair Trimmer For Men Cord&Cordless Electric Beard Haircut Machine Rechargeable ,7.89,500+ sold
187,Electric Nose Hair Trimmer USB Charging Mini Portable Clean Razor Remover Hair Trimmer Shaver Washable For Men Home Appliance ,7.62,5 sold
188,Trimmer Electric Nose Hair Trimmer Mini Portable Ear Trimmer For Men And Women Nose Hair Shaver Waterproof Safe Clean Washable ,1.1,102 sold
189,Hair Trimmer Mini Portable Electric Hair Clipper Rechargeable Small Hair Clipper Bald Head Hair Trimmer Barber Haircut Shaver ,5.38,600+ sold
190,Original Kemei Powerful Metal Housing Professional Hair Trimmer For Men Electric Beard Trimmer Clipper Hair Barber Cordless Set ,5.24,210 sold
191,Professional Groin Body Hair Trimmer Ball Shaver for Men Body Grooming Clipper Rechargeable Ceramic Trimmer Bikini Epilator Prof ,13.07,85 sold
192,VGR Original Hair Clipper Professional Rechargeable Hair Trimmer Electric Haircut Machine Beard Trimmer for Men V-282 ,0.99,60 sold
193,T9 Professional Electric Cutting Cordless Body Hair Trimmer For Man Rechargeable Beard Hair Clipper USB Haircut Machine Shaver ,2.19,15 sold
194,Black Electric Nose Hair Trimmer For Men And Women Available With Low Noise High Torque High Speed Motor Washable Nasal Hair ,0.65,15 sold
195,1~4PCS Electric Nose Hair Trimmer Implement Shaver Clipper Men Women Ear Neck Eyebrow Trimmer Shaver Man Clean Trimer Razor ,3.26,21 sold
196,Hiena HYN-212 Electric Hair Clipper UBS Rechargeable Cordless Beard Trimmer Men Powerful Electric Hair Clipper Trimming Tool ,10.08,299 sold
197,Kemei KM-2299  Hair Trimmer USB Rechargeable Barber Machine Blades Hair Cutter Fast Charging 1200MA Professional Hair Clipper ,16.6,97 sold
198,Kemei KM-2028 Men's Electric Metal Shaver LED Display Adjustable Speed USB Electric Shaver Hair Shavers ,12.09,146 sold
199,Nose Hair Trimmer Electric Trimmer for Men Nose Hair Removal Painless Nose Trimmer for Nose and Ears Low Noice Nose Hair Clipper ,0.99,102 sold
200,2023 Hot Sale Hair Cutting Machine Hair Clippers Rechargeable Beard Shaver Professional Electric Hair Trimmer for Men Barber ,3.01,900+ sold
201,5Pcs Nose Hair Remover 360 Rotating Nasal Clippers Nose Hair Trimmer For Women Men Manual Nose Hair Trimme ,0.99,900+ sold
202,2-IN-1 Electric Nose Hair Trimmer Portable Nose Ears Hair Trimmer for Men Rechargeable Painless Clipper ,0.99,8 sold
203,T9 Hair Clipper Beard Shaving Body Hair Trimmer Clippers Electric Hair Cutting Machine Professional Barber Men Trimmer Shaver ,0.99,9 sold
204,VGR Hair Clipper Cordless Hair Cutting Machine Electric Barber Hair Trimmer Mini Haircut Machine Portable Clipper for Men V-290 ,2.54,104 sold
205,T9 Professional Electric Cutting Cordless Body Hair Trimmer For Man Rechargeable Beard Hair Clipper USB Haircut Machine Shaver ,2.19,15 sold
206,COSOUL Electric Nose Hair Trimmer Rechargeable Nose Trimmer Razor Women Epilator Cutter Men Shaver Waterproof ,0.99,4 sold
207,Kemei Professional Hair Trimmer Gold Clipper Men Rechargeable Barber Cordless Hair Cutting Machine Men 0mm Bareheaded T-blade ,0.99,32 sold
208,Kemei All in one Ear Nose Hair Trimmer For Men Grooming Kit Electric Eyebrow Beard Trimer Face Nose Ears Trimer Rechargeable ,0.99,5 sold
209,"0mm outline blade ,Professional Hair Trimmer For Men Cordless Beard & Hair Clipper Electric Hair Cutting Machine Rechargeable ",8.68,1 sold
210,Nose Hair Removal Trimmer For Men Manual Stainless Steel Washing Portable Nose Hair Trimmer триммер для носа Trimmer For Nose ,0.99,10 sold
211,Hair Clipper USB Rechargeable Hair Trimmer Titanium Ceramic Blade LCD Professional Strong Power Salon Hair Cutting Machine ,24.99,190 sold
212,VGR Razor Professional Shaver Rechargeable Beard Trimmer Metal Shaver Electric Razor Reciprocating Shaving Machine for Men V-336 ,24.96,190 sold
213,VGR Hair Trimmer T9 Mens Electric Hair Clipper Professional Hair Cutting Machine T9 Metal Shell Barber Trimmer for Men V-082 ,6.59,248 sold
214,MAXGROOM Shaver for Men Ball Trimmer for Groin Pubic Grooming Body Hair Trimmer Replaceable Ceramic Blade Heads Electric Razor ,13.48,26 sold
215,Vintage T9 Hair Clippers for Men Gifts Electric Hair Trimmer Barber Hair Cutting Machine Beard Shavers Shaving Machine Beard ,3.01,125 sold
216,VGR Hair Clipper Cordless Hair Cutting Machine Electric Barber Hair Trimmer Mini Haircut Machine Portable Clipper for Men V-290 ,2.54,104 sold
217,Vintage Body Hair Clipper Electric Hair Shaving for Men T9 Cordless Beard Trimmer Mens Shaver Body Hair Cutting Machine ,0.99,9 sold
218,"1PC Electric Nose Hair Trimmer, Professional Painless Nose And Ear Hair Trimmer For Women Men Waterproof Stainless Steel Head ",0.99,42 sold
219,Manual Shaving Nose Ear Trimmer Safe Face Care Waterproof Nose Hair Trimmer For Men Shaving Hair Removal Razor Beard W3B4 ,3.05,2 sold
220,Nose Wax Kit Hair Removal Painless Portable for Men Women Nail Waxing Kit Nail Cleaning Wax Kit Nose Clipper Beauty ,0.99,29 sold
221,Nose Hair TrimmerNose Hair Shaver Ear And Nose Hair Trimmer Painless Battery Electric Men Nose Hair Shaver Men Nose HairScissor ,0.99,52 sold
222,Nose Hair Removal Trimmer For Men Manual Stainless Steel Washing Portable Nose Hair Trimmer триммер для носа Trimmer For Nose ,1.57,10 sold
223,Hot Sale Vintage T9 Electric Cordless Hair Cutting Machine Professional Hair Barber Trimmer For Men Clipper Shaver Beard Lighter ,0.99,"10,000+ sold"
224,Gold Hair Clipper Rechargeable Electric Cutting Machine Beard Trimmer Shaver Shave For Men Cutter ,14.08,"10,000+ sold"
225,Nose Wax Kit Waxing Kit For Women Beauty And Personal Care Nose Ear Hair Instant Removal Kits Nose Waxing Kit For Men And Women ,12.07,6 sold
226,Vintage T9 Hair Clippers for Men Gifts Electric Hair Trimmer Barber Hair Cutting Machine Beard Shavers Shaving Machine Beard ,3.01,125 sold
227,VGR Hair Clipper Cordless Hair Cutting Machine Electric Barber Hair Trimmer Mini Haircut Machine Portable Clipper for Men V-290 ,2.54,104 sold
228,VintageT9 Hair Clippers for Men Cordless Hair Trimmer Barber Zero Gapped Hair Cutting Machine Beard Trimmer Body Hair Shaver ,0.99,4 sold
229,Nose Hair TrimmerNose Hair Shaver Ear And Nose Hair Trimmer Painless Battery Electric Men Nose Hair Shaver Men Nose HairScissor ,0.99,156 sold
230,50g Portable Nose Wax Kit for Men and Women Nail Waxing Hair Removal Wax Kit Nail Wax Cleaning Wax Kit Nose Clipper Beauty Tools ,0.99,31 sold
231,Hot Nose Trimmer for Men Stainless Steel Manual Trimmer for Nose Vibrissa Razor Shaver Washable Portable Nose Ear Hair Trimmer ,0.64,92 sold
232,Black Electric Nose Hair Trimmer For Men And Women Available With Low Noise High Torque High Speed Motor Washable Nasal Hair ,0.65,92 sold
233,112 Rechargeable Electric Nose Hair Trimmer For Both Men And Women Washable Nose Hair Trimmer For Cleaning ,0.99,10 sold
234,Electric Nose Hair Trimmer Clipper Rechargeable Detachable Head Eyebrow Face Hair Trimmer Men Shaver Razor Women Epilator Cutter ,2.33,11 sold
235,VGR Professional Hair Clipper Adjustable Beard Hair Trimmer For Men 8W Electric Rechargeable Haircut Machine Washable Kit ,12.17,11 sold
236,Electric Ear Nose Hair Trimmer Painless USB Rechargeable Waterproof For Men and Women Nose Eyebrow Facial Hair Removal ,1.13,15 sold
237,Kemei 2217 Combo Professional Electric Hair Clipper For Men Kit Hair Trimmer Beard Set Haircut Machine Rechargeable ,33.33,7 sold
238,VGR Hair Trimmer Cordless Hair Clipper Rechargeable Hair Cutting Machine Barber Haircut Machine Bald Head Trimmer for Men V-192 ,15.52,80 sold
239,Limural Electric Hair Clippers for Men Professional Cordless Barber Clippers Rechargeable Beard Trimmer LED Display Metal Case ,42.91,39 sold
240,HClippers Barber Hair Trimmer Professional Men's Electric Hair Clipper with DLC Coating Blade for Hair Styling Trimmering HC231S ,12.49,47 sold
241,Barber Shop Electric Hair Shaver T9 Beard Trimmer Household Cutting Machines Men Electric Hair Clipper Mens Hair Cutting Machine ,7.44,47 sold
242,Original Kemei Barber Hair Trimmer Professional Electric Beard Hair Clipper Rechargeable Lithium Haircut Machine For Men ,26.1,47 sold
243,BRDCLIP FA1C NEW 7500RPM Barber Professional Hair Clipper High Speed Motor 2500mAh Electric Trimmer DLC Blade With Base ,9.17,148 sold
244,Xiaomi Mijia Electric Shavers S600 Portable Razor Men Type-C Rechargeable Shaving Beard Machine Trimmer Dry Wet Shaving Washable ,66.41,148 sold
245,Corded Home Professional Hair Clipper Adjustable Electric Hair Trimmer For Men Powerful Hair Cutting Machine 100-240v ,9.76,6 sold
246,Electric Hair Cutting Machine Vintage T9 Hair Clipper Professional Men Shaver Rechargeable Barber Trimmer for Men ,0.99,58 sold
247,New 2 in 1 Electric Nose Trimmer For Men Beauty Nose and Ear Hair Trimmer Electric Shaver Nose Hair Removal USB Rechargeable ,1.21,9 sold
248,madeshow M10 M11 Hair Clippers for Men Professional -Cordless Hair Trimmer Set for Barbers Premium Gift Hair Clipper Kit ,37.05,1 sold
249,LT-185 Replacement Beard Trimmer Head Blade Accessories For MLG Norelco Electric Shaver Series ,7.01,4 sold
250,HIENA Hair clipper professional barber machines man machine Hair cutting Barber shop men Carving scissors home appliance hyn-405 ,28.58,1 sold
251,"VGR Barber Professional Hair Trimmer Man, zero gapped Blade ,Washable Facial Beard Hair Clipper Haircut  Trimer For Men V-170 ",18.36,9 sold
252,Hair Trimmer For Men Professional Electric Hair Clippers Beard Trimmer Barber Shop Hair Cutting Machine Chargeable Men's shaver ,24.77,9 sold
253,"KIKIDO KK-314 Hair Trimmer for Men, Rechargeable Hair Clippers,Home Haircut Kit, Cordless Barber Grooming Sets ",3.78,20 sold
254,Original Kemei Full Metal Professional Hair Trimmer For Men Lithium Beard Trimmer Electric Barber Clipper Hair Cutting Machine ,18.39,451 sold
255,5 in 1 Kit Rechargeable Men's Shaving Set Back Razor Shaver Groomer Foldable Telescopic Rod Nose Hair Trimmer Back Shaver Handle ,23.05,16 sold
256,BRDCLIP High Power Professional Barber 2PC Set 8000rpm Shaver Sculpting Salon Hair Trimmer Ceramic Blade Clipper Finish Machine ,30.78,260 sold
257,Kemei Professional Men's Hair Clipper Rechargeable Beard Hair Trimmer For Men Electric Hair Cutter Machine Precision ,33.23,371 sold
258,Kemei-658 Hair Trimmer For Men Beard Trimer Professional Hair Clipper Electr Razor Hair Cutting Machine Haircut Electr Shaver ,11.48,371 sold
259,Kemei All In One Beard Hair Trimmer For Men Eyebrow Nose Trimmer Body Ball Groin Electric Hair Clipper Haircut Machine ,14.72,1 sold
260,Kemei 1971 Cordless Barber Hair Trimmer professional Hair Clipper for Men beard grooming Haircut Machine blade can be zero ,6.11,17 sold
261,BRDCLIP Professional Hair Clipper Green Metal Cover Quality Hair Trimmer Hair Cutting Machine for Man Barber Shop ,9.97,1 sold
262,kemei Km-1855 Cordless Electric Hair Trimmer Professional Usb Rechargeable Hair Clippers Men Barber ,15.18,263 sold
263,Ear Nose Hair Trimmer Clipper  Professional Painless Eyebrow and Facial Hair Trimmer for Men Women Hair Removal Razor mrs xie ,4.05,83 sold
264,Sejoy 5in1 Rotary Electric Shaver For Men Hair Cutting Machine Multifunction Men's Electric Shaver Bald Head Hair Beard Trimmer ,16.69,3 sold
265,KEMEI 2-in-1 Electric Hair Trimmer Set Men's Foil Shaver Professional Razor Barber Haircut Kit Beard Trimmer with LCD Display ,20.42,79 sold
266,DIY Replacement Power Button Cover Hair Clipper Hair Trimmer Repair After-sales Accessories for Madeshow M10+ M10 M11 ,7.25,8 sold
267,Hair Clipper Electric Hair Trimmer for Men Wireless Barber Trimmer Electric Shaver Professional Men's Hair Cutting Machine ,5.79,8 sold
268,Kemei  Men's Cordless Hair Clipper USB Rechargeable Electric Hair Clipper Zero Gap Trimmer Electric Hair Cutting Machine KM-2299 ,3.61,"2,000+ sold"
269,VGR Trimmer Professional Hair Clipper Adjustable Haircut Machine 9000 RPM Hair Clipper Magnetic Motor Hair Trimmer for Men V-647 ,22.25,1 sold
270,Kemei KM-TX1 Factory direct full metal electric shaver reciprocating double head USB charging men's shaver ,19.28,134 sold
271,Professional Hair Clipper for Men Cutting Machine Shaving Haircut Beard trimmer Barber Cutter Mower Men's Electric Shaver ,0.99,44 sold
272,Electric Epilator Rechargeable Removal Epilator Facial Hair Remover Lady Shaver Bikini Trimmer Body Depilatory Epilator ,13.34,20 sold
273,VGR Professional Nose Hair Trimmer Mini Hair Trimmer Electric Nose Trimmer 2 In 1 Clipper Portable Rechargeable Waterproof V-613 ,9.33,363 sold
274,Kemei Hair Cutting Machine Professional Electric Hair Trimmer Cordless USB Rechargeable Hair Clippers Grooming Men Hair Cutter ,3.67,53 sold
275,Kemei Professional Electric Hair Trimmer for Men Adjustable Hair Clipper Razor Cordless Rechargeable Hair Cutting Machine KM2600 ,15.42,12 sold
276,VGR Barber Professional Hair Clipper For Men Hair Trimmer Rechargeable Hair Cutting Electric Haircut Machine For Men V-276 ,19.08,6 sold
277,Kemei 1995 Rechargeable LCD Display Hair Clipper Adjustable Powerful Motor Electric Beard Trimmer Men Hair Trimmer Machine ,10.32,20 sold
278,KK-A2 Hair Trimmer For Men Shaver Beard Trimer Hair Clipper Hair Cutting Machine Haircut Machines For Cutting Hair Barber Shop ,0.99,7 sold
279,Electric Hair Trimmer Vintage Cordless Beard Clipper USB Charging Hair Cutting Machine For Hairdressers Travelers Shaver Barber ,0.99,90 sold
280,VGR Hair Clipper Professional Hair Cutting Machine Adjustable Hair Trimmer Rechargeable 9000 RPM Barber Clipper for Men V-674 ,22.04,3 sold
281,Body Grooming Electric Intimate Shaver for Men Intimate Hair Trimmer for Groin Area & Pubic Hair Waterproof Drop Shipping ,7.88,1 sold
282,Xiaomi Mijia Hair Clipper 2 Hair Trimmer Professional Beard Cut Machin IPX7 Waterproof Wireless Haircut Machine Mijia Clipper 2 ,24.25,138 sold
283,Mi RIWA Hair Clipper Professional Electric Trimmer With LED Screen Washable Rechargeable Men Strong Power Steel Cutter Head ,19.99,27 sold
284,Professional Barber Hair Clipper Rechargeable Cordless Electric Shave Razor Finish Cutting Machine Beard Trimmer Shaver Suit ,0.99,1 sold
285,Kemei Waterproof Hair Trimmers For Men Multi-functional Cordless Rechargeable Electric Hair Clipper Body Hair Shavers  KM-1840 ,7.07,23 sold
286,VGR Hair Trimmer Rechargeable Hair Clipper Cordless Hair Cutting Machine Metal Digital Display Barber Trimmer for Men V-276 ,20.02,10 sold
287,High Speed 10000RPM WMARK NG-X1  Professional Hair Clipper with Charge Base Hair Trimmer For Man Barber Haircut Machines 9V ,91.07,14 sold
288,Xiaomi Hair Clipper Man Hair Trimmer Professional Beard Cut Machin IPX7 Waterproof Wireless Haircut Machine Mijia Clipper 2 ,21.9,312 sold
289,RESUXI New Diamond Carving Electric Hair Clipper LCD Display Oil Head Men Hair Trimmer Home Shaving Hair Clipper Cutting Machine ,25.32,3 sold
290,ENCHEN Ear And Nose Hair Trimmer With AAA Battery Battery-Operated For Men Women Portable Painless Model EN005 N3 ,0.99,26 sold
291,Xiaomi Youpin Man Snorings Corrector Comfortable Ventilator Women Sleep Improvement Small Portable Smart Anti Snoring Device ,9.63,21 sold
292,Pop Barbers P600 Professional 9000RPM Oil Head Electric Hair Clippers Golden Oil Gradient Push Man Electric Shaver Hair Trimmer ,13.52,66 sold
293,Professional Electric Hair Clippers Hairdresser Man Beard Cutter Machine Portable Home Hair Clippers with 3pc Limit Card+1 Brush ,0.99,10 sold
294,WMARK electric pusher NG-115 hot charging 7000 rpm Hair clipper ,27.97,31 sold
295,KIKIDO KK-808 men's Hair Clippers Gold dragon design Electric hair cutting machine professional barber hairTrimmer Shaving Razor ,11.84,2 sold
296,2023 Professional Application M5/P800 2020C/2020T Electric Clipper Accessories Hair Trimmer Motor Engine Repair Replacement Tool ,5.83,75 sold
297,9000RPM Pop Barbers P600 Shaver Hair Trimmer Electric Hair Clippers Professional Scintillate Silver Oil Gradient Push Electric ,26.1,3 sold
298,High Quality Ceramic Cutter Knife Pet Dog Hair Trimmer Blade Clipper Head for Codos CP6800 CP8000 CP9600 CP9500 CP9700 CP-6800 ,2.6,154 sold
299,Kemei 5in1 Hair Trimmer Electric Hair Clipper Beauty Kit Beard Trimmer for Men Electric Shaver Rechargeable Hair Cutting Machine ,15.11,33 sold
300,Nose Hair Trimmer Blade Head Replacement 3 pieces Shaving Razor Blade Cutter for COSOUL Brand N9 Pro ,3.95,11 sold
301,Kemei Hair Trimmer Professional Hair Clipper Maglev Motor Haircut Machine Charging Base Hair Clipper Trimmer for Men KM-2373 ,86.38,57 sold
302,Kemei Professional Electric Hair Clipper Men's Rechargeable Beard Hair Trimmer Transparent Shell Adjustable Hair Trimmer KM-1761 ,12.71,10 sold
303,VGR Hair Clipper Professional Hair Cutting Machine Adjustable Hair Trimmer Rechargeable Haircut 9000 RPM Clipper for Men V-640 ,52.98,34 sold
304,VGR Hair Clipper Professional Hair Clipper Adjustable Haircut Machine Electric Trimmer Cordless 9000 RPM Trimmer for Men V-906 ,16.58,4 sold
305,Kemei Km-Pg2600 LED Screen Display USB Charging Retro Professional Men Electric Hair Clipper ,19.84,4 sold
306,VGR Hair Clipper Trimmer Cutting Machine for Men Electric Barber Professional Barber Machines Cutter Equipment Rechargeable	v192 ,8.09,3 sold
307,BRDCLIP 2-Hole Ceramic Movable Blade Cordless Clipper Replaceable Blade For Wahl Shear Clipper ,3.83,13 sold
308,All Metal Hair Trimmer Machine Beard Clipper Electric Shaver for Men High Power Professional Cutter For Hairdresser Barber Shop ,18.86,13 sold
309,6X Hair Clipper Replacement Blade For Codos CP-6800 KP-3000 CP-5500 ,10.94,11 sold
310,Kemei KM-2279 Electric Hair Clippers Fast-Charging Large-Capacity Lithium Battery Professional Hair Cutting Machine For Men ,18.54,26 sold
311,RESUXI JM-700A 700AL 740 Stainless Steel T Blade Beard Men Shaver Rechargeable Baldheaded Best Hair Trimmer Hair Cutting Machine ,22.08,19 sold
312,50g Hair Removal Nose Wax Kit Nose Hair Wax Removal Cosmetic Tool Nose Hair Trimmer Men nose Hair Remover Waxing Nose ,2.2,1 sold
313,Professional Barber Electric Hair Trimmer LED display Men Clipper Titanium Ceramic Blade Hair Cutting Machine Hair cutter ,20.7,93 sold
314,Kemei Professional Barber Hair Trimmer Zero Gapped Cordless Rechargeable Edgers Clippers Men Close Hair Cutting Machine 7800RPM ,17.68,28 sold
315,Kemei Electric Hair Trimmer Rechargeable Hair Clipper Shaving Machine For Man Cordless Haircut Cutter Household Electric Clipper ,14.79,2 sold
316,"Madeshow M7 Shavers for Men,Professional Oil Head Reciprocating Hair Clippers Metal Body 0MM Cutter Electric Beard Trimmer ",33.58,31 sold
317,Professional 15 Motor Speed Barber Shop Hair Trimmer For Men Beard Trimmer Body Hair Clipper Electric Hair Cutting Machine Pro ,20.97,150 sold
318,VGR Hair Trimmer Rechargeable Cordless LED Display Hair Cutting Machine Professional Electric Barber Hair Trimmer for Men V-276 ,22.92,3 sold
319,1/3/5pcs Women Hair Spring Stick Facial Remover Epilator Thread Epistick Epicare Tool Effective Depiladora Face Hair Remover ,0.99,24 sold
320,BRDCLIP X1C 9000RPM Magnetic Motor Hair Clipper Professional Barber Hair Cutting Machine Salon Trimmer for Men with Charge Base ,27.87,64 sold
321,Cordless Magic Adjustable Hair Clipper Professional Adjustable Beard Hair Trimmer For Men Electric Haircutt Machine Rechargeable ,15.96,6 sold
322,Original VGR Shortcut Self-Haircut Kit for Men Head Shavers Quickcut Hair Clippers Home Cordless Electric Trimmer Rechargeable ,69.47,39 sold
323,Electric Razor for Men Shavers 3 in 1 Dry Wet Waterproof Rotary Men's Face Trimmer Shaver Razors ,6.32,1 sold
324,HTC Hair Cutting Kit Pro Hair Clippers for Men Professional Barber Clippers IPX7 Waterproof Cordless Beard Trimmer Hair Trimmer ,20.99,3 sold
325,Kemei KM-2293 Zero Gapped Professional Hair Trimmer Machine Full Metal DLC T-Blade Finishing Machine USB LED Man's Hair Clipper ,21.24,21 sold
326,New In Hair Cutting Machine Clipper for Men Barber Shop Trimmer for Men Mower Men's Electric Shaver Haircut Beard Trimmer ,0.99,13 sold
327,Gamma/SC/DKBAG/JR- FADE Special Blade Motor 11000Rpm For Copper Wire Coil  HC-999X New Professional Hair Clipper Original Oil ,9.99,68 sold
328,"Professional Hair Clipper Electric Men's Trimmer with 8000RPM Seat Charging, Large Capacity Battery DLC Coated Blades Barber ",37.53,384 sold
329,Nose Hair Trimmer Stainless Steel Manual Nose Hair Trimmer Razor Nose Hair Shaver Washable Nose Ear Hair Trimmer ,2.39,59 sold
330,Kemei Professional Electric Clipper LCD Rechargeable Full Alloy Forging of The Fuselage Large Power Long Capacity KM-2290 ,17.5,11 sold
331,Upgraded  Clippers USB Rechargeable Waterproof Smooth Durable Low Noise Gromming Gifts Haircut Mhine for Home Mens Family ,17.85,11 sold
332,Kemei 6 in 1 Rechargeable Hair Trimmer Titanium Hair Clipper Electric Shaver Beard Trimmer Men Styling Tools Shaving Machine 600 ,15.04,8 sold
333,Kemei 4in1 grooming kit nose trimmer beard trimer for men electric eyebrow nose hair trimmer nose and ears machine rechargeable ,0.99,61 sold
334,"Electric Groin Hair Trimmer for Men,Body Groomer & Pubic Waterproof Hair Trimmer,Replaceable Ceramic Blade ",0.99,4000+ sold
335,VGR V-075 Electric Beard Trimmer Professional Rechargeable Cordless Hair Trimmer for Men ,4.23,19 sold
336,Keme 3in1 Waterproof Ear Nose Hair Trimmer For Men Rechargeable Eyebrow Beard Trimer Electric Ear Cleaner Nose Hair Removal ,6.65,51 sold
337,HClippers HC231 Professional Men's Electric Hair Clippers with 8000RPM 4500mAh Large Capacity Battery Hair Trimmer for Barber ,40.65,85 sold
338,VGR Professional Hair Clipper Rechargeable Hair Trimmer For Men Shaver Hair Cutting Machine Barber Cut Machin Beard V-R971 ,22.26,85 sold
339,VGR Adjustable Hair Clipper For Men Electric Beard Hair Trimmer Rechargeable Lithium Ion Hair Cutting Machine Haircut ,16.58,85 sold
340,1pc Ceramic Knife Electric Hair Clipper Blade Trimmer Head for Remington HC5810 5811Baorun P2 P6 P9 S1 LILI ZP-295 C6 C7 ,0.99,41 sold
341,VGR V-660 Barber Hair Cutting Machine Beard Trimmer Professional Electric Rechargeable Transparent Hair Clipper Cordless for Men ,14.79,5 sold
342,Nose Hair Trimmer Electric Rechargeable Nose Trimmer Men Shaver Razor Women Nose Hair Cutter Ear Trimmer Waterproof ,0.99,67 sold
343,Jucai JC02 Profession Electric Hair Trimmer Candy Series Hair Clipper 7200 RPM Hair Salon Oil Head Gradient Shaving Push for Men ,39.98,67 sold
344,Kemei Electric Shaver Mini Portable Shaver Electric Razor for Men USB Rechargeable Waterproof Shaver for Travel Office km-t20 ,22.39,67 sold
345,Original Kemei Adjustable Barber Electric Hair Clipper Men Professional Hair Trimmer Beard Haircut Machine Rechargeable 2-Speed ,20.24,3 sold
346,Hair Clipper Electric Barber Hair Trimmers For Men Adults Kids Cordless Rechargeable Hair Cutter Machine Professional ,2.39,"5,000+ sold"
347,KEMEI km-2295 professional Commercial Clippers Barber DLC Blade Hair Clipper Trimmer With Base ,18.66,45 sold
348,Nose Hair Trimmer Electric Removal Dual-blade Clipper Razor Shaver Trimmer Epilator High Quality Eco-Friendly ,0.99,220 sold
349,Electric Hair Clipper Blade For Codos CHC916 918 961 968 973 Ceramic Cutter Head Spare Knife Codos CP9600 CP9700 CP9200 CP9180 ,0.99,46 sold
350,New Professional Hair Clipper Men Electric Cordless Hair Trimmer 0.1mm Baldheaded T Blade Finish Haircut Machine ,9.04,31 sold
351,"1PC Electric Nose Hair Trimmer, Professional Painless Nose and Ear Hair Trimmer for Women Men Waterproof Stainless Steel Head Du ",2.43,1 sold
352,Andis Outline Engraving Electric Push Scissor Head Andean Corded Blade Suitable for Professional Barbershop Men's Hair Clipper ,11.59,6 sold
353,Original Replacement Blade Net Cover for AMCULL M10 Professional Hair Trimmer Shaver Cutting Knife Head Accessories ,11.23,16 sold
354,Professional 5-Star Stylecraft Magic Clip Legend Cordless Hair Clipper&Trimmer&Foil Shaver Haircut Kit For Barbers and Stylists ,32.44,5 sold
355,Hatteker men hair clipper rechargeable electric shaver for men body hair trimmer hair cutting machine 2 set ,45.59,4 sold
356,Surker cordless barber hair clipper professional hair trimmer for men all metal electric hair cutter gold machine haircut pivot ,33.03,16 sold
357,50g Hair Removal Nose Wax Kit Nose Hair Wax Removal Cosmetic Tool Nose Hair Trimmer Men nose Hair Remover Waxing Nose ,2.2,1 sold
358,Kemei 0mm Baldheaded Hair Clippers for Men Professional Outliner Cordless Hair Trimmer Beard Trimmer ,12.64,5 sold
359,Kemei 5082 Full Metal Professional Hair Trimmer For Men Rechargeable Beard Hair Clipper Electric Hair Cutting Machine Precision ,15.54,10 sold
360,BRDCLIP Blue Original Replaceable Cutter Head for 2020C BRDF80/F81 Madeshow M10/M5 Hair Clipper Titanium Plated Ceramics Blade ,2.13,4 sold
361,Kemei Combo Kits Electric Hair Clipper For Men Professional Hair Trimmer Beard Hair Cutting Machine Rechargeable ,37.7,169 sold
362,LCD Digital Display T9 All Metal Shaver Travel Portable Electric Barber Electric Pusher Hair Cutting Machine for Women Neuk Jrl ,3.79,"5,000+ sold"
363,Newest Electric Nose Ear Hair Trimmer for Men Painless Rechargeable Sideburns Eyebrows Beard Women 3in1 Hair Clipper Shaver Sets ,0.99,30 sold
364,Hair Trimmer Mini Portable Electric Hair Clipper Rechargeable Small Hair Clipper Bald Head Hair Trimmer Barber Haircut Shaver ,5.45,282 sold
365,4X For Wahl Hair Clipper Guide Comb Set Standard Guards Attached Trimmer Style Parts ,7.55,2 sold
366,USB Rechargeable T9 Baldheaded Hair Clipper Professional Electric Hair Trimmer Cordless Shaver Trimmer 0/1/2/3mm Men Barber Hair ,23.12,38 sold
367,Original Kemei Professional Cordless Hair Clipper For Men Adjustable Electric Hair Trimmer Beard Haircut Rechargeable Machine ,15.22,38 sold
368,Professional 15 Motor Speed Adjust Hair Trimmer For Men Electric Beard Hair Clipper Rechargeable Hair Cutting Machine barber ,16.58,197 sold
369,Youpin RIWA Hair Clipper Professional Electric Trimmer For Men With LED Screen Washable Rechargeable Men Strong Power Steel Head ,15.84,38 sold
370,3in1 Rechargeable Nose Trimmer Beard Trimer For Men Micro Shaver Eyebrow Nose Hair Trimmer For Nose And Ear Cleaner Grooming Set ,0.99,52 sold
371,SC/DK Shell Clipper Magnetic Suction Pad Electric Limit Comb Oil Head Push Gradient Positioning Popbarbers Full Set Of Calipers ,9.48,2 sold
372,Professional Hair Clipper 0.1mm Baldhead Cutter Electric Hair Trimmer Beard Shaving For Men Barber Salon Hair Cutting Machine ,22.99,3 sold
373,BRDCLIP Professional Electric Hair Clipper 7500RPM High-Speed Motor 2500MAH Trimmer DLC Blade With Base Barber Shop Salon FA1C ,17.4,38 sold
374,"Usb Rechargeable Beard Trimmer For Men - Cordless, Adjustable 20-Length Settings, Vacuum Feature For Mustache, Sideburns & Facia ",9.86,4 sold
375,BRDCLIP BL1T Professional Carving Gradient Hair Trimmer Barber Finish Electric Clipper with Charger Stand Hair Cutting Machine ,25.16,129 sold
376,New mini Professional Electric Hair Trimmer Hair Clipper men Beard Trimmer Low Noise Clipper Blade for barber ,21.6,48 sold
377,Hair Clipper Titanium Ceramic Blade ,28.99,89 sold
378,"madeshow m5 Professional Hair Clippers for Men,Cordless Barber Clipper,Complete Hair Cutting Kits with 10 Fading Guards ",63.42,89 sold
379,Three-Speed Variable Gear T9 Clipper Hair Rechargeable Man Shaver Trimmer For Men's Barber Professional New Hot Sale ,0.96,105 sold
380,All In One Hair Trimmer Professional Beard Trimmer For Men Shvaer Electric Hair Clipper Washable body Groomer Rechargeable ,15.22,20 sold
381,1Pcs Brand Ceramic Blade for Remington HC5810 HC5811 BaoRun X7 P2 P6 P9 S1 Spare Knife Electric Hair Clipper Trimmer Cutter Head ,0.99,100 sold
382,Kemei Professional Hair Trimmer Zero Gapped Cordless Rechargeable Edgers Clippers Electric Beard Trimmer finish cutting machine ,16.39,1 sold
383,Kemei 3 IN 1 Eyebrows Trimmer Type-C Nose Trimmer Electric Replaceable Hair Remover Professional USB Charging Hair Shaver KM-313 ,7.82,73 sold
384,Electric Hair Clipper Cutting Machine Keimei Beard Razor Kamei Men Haircutting Shaver Kemey Cutter Kimei Mini Man Rasor ,3.3,1 sold
385,Kemei 2290 2293 Professional Cordless Hair Clipper Men Barber Fade Clipper and Zero Gapped Trimmer Set Electric Hair Cutting Kit ,10.38,96 sold
386,Original Replacement Blade Net Set for 3-Blade Shave System for KULILANG R11 Hatteker Men's Electric Razor Shaver Accessories ,6.03,9 sold
387,Youpin Pritech Professional Hair Machine LCD Display Beard Trimmer for Men PR-2212A Rechargeable Men's Shaver Electric Clipper ,36.57,15 sold
388,Kemei KM-2293 Men Hair Clipper Professional Cordelss Barber Hair Trimmer 0mm Capped Carving Clipper All Metal Body  Haircut ,9.47,7 sold
389,Kemei KM-1855 Hair Clipper Professional Electric Rechargeable Barber Trimmer Cordless Trimmer Cutting Type-c ,29.67,1 sold
390,Nose Trimmer for Men Stainless Steel Nose Hair Trimmer Washable Portable Mechanical Clippers Cutter Personal Care Appliances ,0.77,1 sold
391,for Wahl Hair Clipper Guide Comb Set Standard Guards Attach Trimmer Style Parts 1.5mm+4.5 mm ,2.71,12 sold
392,Kemei KM-735 Rechargeable Electric Hair Clipper Hair Trimmer Big Power Salon Professional Trimmer Hair Cutting Machine for Men ,22.2,2 sold
393,WMARK W-13 DLC FADE Hair Clipper Spare Blade 440C Stainless Steel Powder Metallurgy Ceramic Moving Blade Replacing Accessories ,12.02,23 sold
394,Hatteker metal electric shaver powerful beard electric razor for men sharp triple blades bald shaving machine ,27.59,4 sold
395,Stainless Steel Nose Hair Cut Makeup Manual Beard Trimmer Nose Ear Hair Clippers Trimmer Round Head Beauty Tool Eyebrow Trimming ,0.13,1 sold
396,Professional Electric Hair Clipper Ceramic Blade for Codos CHC961/960/968/973/916/912/918 Hair Trimmer Spare Knives Cutter Head ,0.99,12 sold
397,Electric Nose Hair Trimmer with Digital Display Multi-Function Household Portable Nose Hair Removal Scissors for Men and Women ,0.99,10 sold
398,NEW 2024 XIAOMI Electric Nose Hair Trimmer 10000 RPM Newly Upgraded R-shaped Rounded Blade Trimmer For Nose Ears Hair Clipper ,11.2,73 sold
399,2023 NEW XIAOMI Mijia Electric Nose Hair Trimmer Rechargeable Ear Nose Hair Clipper Portable Painless Eyebrow Trimmer for Men ,4.46,126 sold
400,VGR Hair Trimmer Cordless Hair Clipper Rechargeable Hair Cutting Machine Barber Electric Haircut 9000 RPM Trimmer for Men V-640 ,53.26,54 sold
401,Black Electric Nose Hair Trimmer For Men And Women Available With Low Noise High Torque High Speed Motor Washable Nasal Hai H4L8 ,0.65,54 sold
402,Professional Hair Trimmer For Men Barber Rechargeable Hair Clipper Cordless Hair Cutting Powerful Machine Hair Beard Trimmer ,22.33,13 sold
403,Pubic Hair Removal Intimate Areas Places Part Haircut Rasor Clipper Trimmer for The Groin Epilator Safety Razor Man Lady Shaving ,27.29,3 sold
404,2023 New Electric Nose Hair Trimmer Rechargeable Shaving Nose Ear Trimmerfor Men Shaving Hair Removal Razor Beard ,2.99,9 sold
405,VGR Professional Barber Hair Clipper Metal housing Hair Trimmer For Men Rechargeable Haircut Machine High Power For Men V-658 ,19.03,1 sold
406,Electric Nose Hair Trimmer Implement Shaver Clipper Men Women Ear Neck Eyebrow Trimmer Shaver Man Clean Trimer Razor ,0.99,6 sold
407,Professional Cordless Electric Rechargeable Metal Electric Barber Km-1826 Gold Hair Barber Shaver Trimmers For Men ,23.83,4 sold
408,Professional Electric Hair Clipper Magnetic Comb 10PC Suitable for 45MM Barber for Man Parts Hairdressing Tool Comb BRDCLIP Part ,13.11,3 sold
409,2024 NEW For XIAOMI Electric Nose Hair Trimmer Portable Nose Ears Hair Eyebrow Trimmer for Men Rechargeable Painless Clipper ,0.99,8 sold
410,Replacement Original Cutter Head Professional Hair Clipper Accessories DLC FADE Special Blade for Madeshow/WAHL/MRD/Gamma/SC/JRL ,6.67,41 sold
411,Hair Clipper Guide Comb Set fit wahl cordless clip 8148 Blade ,0.99,77 sold
412,Kemei Professional Hair Trimmer For Men Electric Shaver Beard & Hair Clipper Rechargeable Haircut Machine For Barber Salon Home ,23.0,384 sold
413,VGR Transparent Barber Combo Electric Shaver Rechargeable Professional Hair Cipper Trimmer for Men ,54.01,1 sold
414,Full Metal Cordless Professional 7000RPM Hair Clipper Men's Beard Electric Hair Clipper Adjustable Kit ,30.09,14 sold
415,VGR Hair Trimmer Professional Hair Cutting Machine Barber Hair Clipper Adjustable Haircut Machine 9000 RPM Trimmer for Men V-001 ,71.51,30 sold
416,Original VGR Adjustable Cord/Cordless Hair Clipper Professional Hair Trimmer For Men Beard Electric Haircut Machine Lithium RECH ,8.43,5 sold
417,VGR V-660 Barber Hair Cutting Machine Beard Trimmer Professional Electric Rechargeable Transparent Hair Clipper Cordless for Men ,14.29,9 sold
418,VGR Professional Men's electric hair clipper adjustable wireless 9000 RPM electric clipper V-003 ,35.52,2 sold
419,Kemei 2295 Professional Electric Trimmer For Man With Charging Base Dlc Coated Blade High-Speed Motor Barber Machine Carving ,21.88,2 sold
420,Ultra Thin Precision Trimmer for Men Nose Hair Shaver Electric Nose Hair Trimmer Mini Portable Ear Trimmer Waterproof Safe Clean ,0.99,107 sold
421,Kemei Hair Clipper Professional Hair Clipper Adjustable Trimmer with Charging Base Haircut Machine Hair Trimmer for Men KM-2230 ,28.01,4 sold
422,Electric T Blade Hair Style Trimmer For Men Zero Cut Clipper 0.1mm Precision Haircut Machine Fading Detail Hairline Cutter Tool ,17.93,1 sold
423,Multifunctional Nose Hair Eyebrow Trimmer Shaver USB Rechargeable Electric Nose Hair Eyebrow Removal Shaver Face Care for Men ,0.99,1 sold
424,New product POP Barbers oil head push shear three piece set carving electric push shear Babos whitening tool blade and Motor ,8.38,1 sold
425,Kemei Professional Barber Hair Clippers Cordless Rechargeable Hair Trimmer Electric Hair Cutting Machine for Men Brushless Motor ,24.99,18 sold
426,"Madeshow M10 + Hair Clippers For Men,Professional Barber Clipper,Cordless Hair Clippers for Barbers Haircut Kit ",34.35,9 sold
427,Kemei Rechargeable Electric Hair Clipper KM-2603 Hair Trimmer Big Power Salon Professional  hair trimmer for men  hair clipper ,27.69,9 sold
428,VGR Electric Hair Trimmer Waterproof Hair Machine Beard Shaving Machin Professional Hair Clippers USB Hair Cutting Machine Men ,16.96,1 sold
429,WMARK new hair clipper NG-2054A professional men's hair clipper with charging seat ,36.13,5 sold
430,Exclusive WMARK NG-130 Wireless Charging Barber Professional Men's Barber Tool Type-C Interface with Base Electric Clipper ,44.35,208 sold
431,Kemei Trimmer Professional Haircut Machine Cordless Hair Clipper 9000 RPM Hair Cutting Machine Electric Trimmer for Men KM-2229 ,18.64,6 sold
432,ZSZ Z27 7000RPM Professional Electric Hair Clipper Barber FADE Thin Blade Quality Hair Trimmer Hair Cutting Machine ,26.46,25 sold
433,Professional 5 Star Stylecraft Magic Clip Senior Cordless Hair Clipper&Trimmer&Foil Shaver Combo Set For Barbers and Stylists ,31.87,13 sold
434,XIAOMI Mijia Electric Nose Hair Trimmer Rechargeable Ear Nose Hair Clipper Portable Painless Eyebrow Trimmer for Men Women ,5.57,1 sold
435,Electric Nose Hair Trimmer Implement Shaver Clipper Men Women Ear Neck Eyebrow Trimmer Shaver Man Clean Trimer Razor ,0.99,1 sold
436,Kemei Hair Clipper Professional Hair Clipper with Charging Base Haircut Machine Brushless Motor Trimmer for Men KM-2286 KM-2295 ,26.63,10 sold
437,Kemei Combo Hair Clippers Zinc Alloy Housing Hair Beard Trimmer For Men Professional Precision Haitcut Machine rechargeable ,32.43,80 sold
438,Kulilang R77F Professional Hair Cutting Machine Electric Hair Clipper Titanium Plated FADE Blade Men's Hairstyles Salon 7200RPM ,59.42,24 sold
439,"WMARK NG-X1 Professional Hair Clippers For Men,Microchipped Magnetic Motor 10000RPM 9V Motor with Charge Stand,Cordless Cutter ",90.58,11 sold
440,"km 2296 Professional Cordless Hair Clippers for Men, Rechargeable Hair/Beard Trimmers with Base, Adjustable Haircut Machine ",30.99,11 sold
441,Kemei 2010 All-metal Barber Professional Hair Clipper USB Electric Cordless LCD Hair Trimmer Haircut Machine Mower Carbon Steel ,29.63,7 sold
442,Replacement Power Cord For Wahl 8147 8466 8467 Hair Clipper Cable Hair Trimmer Part DIY Accessory ,0.99,17 sold
443,All-metal Barber Professional Hair Clipper Electric Cordless LCD Hair Trimmer Hair Cutting Machine Mower Spider Skull ,27.42,1 sold
444,JM-2023 Electric Men Bald Men Grooming Kit Cordless Waterproof Nose Beard gold hair Trimmer Clippers ,39.73,1 sold
445,4in1 Rechargeable Nose Trimmer Beard Trimmer for Men Ear Eyebrow Nose Hair Trimmer for Nose and Ear Hair Removal Clean Machine ,7.02,"10,000+ sold"
446,Multifunctional Nose Hair Trimmer 2 in 1 Rechargeable Nose Hair Trimmer Beard Trimmer Mens Miniature Razor Eyebrow Nose Hair ,0.99,3 sold
447,New Updated Electric Nose Hair Trimmer Ear Face Clean Trimmer Razor Removal Shaving Nose Face Care Kit For Men And Women ,0.99,"1,000+ sold"
448,Kemei 2in1 rechargeable nose hair trimmer beard trimer mens eyebrow nose trimmer for nose and ear cleaner hair removal machine ,0.99,219 sold
449,USB Rechargeable Portable Mini Power Display Waterproof Electric Nose Hair Trimmer for Men and Women ,3.75,64 sold
450,Electric Ear Nose Trimmer Eyebrow Shaver Nose Hair Trimmer Nose Hair Scissors Shaving Hair Removal Tool For Men and Women ,0.99,210 sold
451,Nose Hair Ear Trimmer For Men Women Stainless Steel Manual Nose Trimmer Washable Eyebrow Nose Hair Remover Vibrissa Razor Shaver ,2.81,26 sold
452,Nose Hair TrimmerNose Hair Shaver Ear And Nose Hair Trimmer Painless Battery Electric Men Nose Hair Shaver Men Nose HairScissor ,0.99,"5,000+ sold"
453,Nose Hair Trimmer USB Charging Dual-Edge Blades Electric Portable Men Mini Nose Hair Trimmer Face Care Kit Tools 7000 RPM ,0.99,"1,000+ sold"
454,Nose Hair Removal Trimmer For Men Manual Stainless Steel Washing Portable Nose Hair Trimmer триммер для носа Trimmer For Nose ,0.99,4000+ sold
455,4 in 1 trimmer for men Electric Nose and ear trimmer Rechargeable Trimmer For Hair Beard Nose And Ear Cleaner Grooming Set ,0.99,459 sold
456,Trimmer For Men Nose Hair Clippers Hair Removal For Men Male Epilator Trimmer Cleaning Tool Ears Beard Mustache Hair Cutter ,1.86,110 sold
457,VGR Hair Clipper Professional Portable Hair Cutting Machine Rechrageable Cordless Trimmer Barber Hair Clippers for Men V-082 ,6.84,110 sold
458,Electric Nose Hair Trimmer For Men Battery Model Trimming Nose Hair Women Nostrils Trim The Hair Scissors Nasal Hair Cutter ,0.99,67 sold
459,Nose Trimmer for Men Stainless Steel Manual Trimmer for Nose Vibrissa Razor Shaver Washable Portable Ear Hair Women Hot ,2.1,212 sold
460,Hot Nose Trimmer for Men Stainless Steel Manual Trimmer for Nose Vibrissa Razor Shaver Washable Portable Nose Ear Hair Trimmer ,0.64,42 sold
461,Electric Nose Hair Trimmer Waterproof Easy To Operate Ear Trimmer Safe Face Care Rechargeable Nose Hair Trimmer For Men ,4.86,113 sold
462,Nose Trimmer for Men Stainless Steel Nose Hair Trimmer Washable Portable Mechanical Clippers Cutter Personal Care Appliances ,0.99,3000+ sold
463,HIENA HYN-212 Hair Clippers for men Professional Barber hair cut machine USB Rechargeable Cordless Beard Trimmer clippers ,12.59,24 sold
464,New Nose Trimmer for Men Stainless Steel Manual Trimmer for  Nose Vibrissa Razor Shaver Washable Portable Nose Ear Hair Trimmer ,0.99,173 sold
465,"Nose Hair Trimmer For Man Woman Waterproof Stainless Steel Hairs Grooming Device, Portable Nose Hair Trimmer With Cleaning Brush ",0.64,57 sold
466,Nose Hair Ear Trimmer For Men Stainless Steel Manual Washable Portable Tondeuse Nez hair remover Nose Vibrissa Razor Shaver ,0.99,600+ sold
467,Kemei Professional Barber Fade Clippers 0mm Zero Gapped Edgers Hair Trimmer Electric Men Bald Head Finish Hair Cutting Machine ,35.86,75 sold
468,T9 Hair Clipper Beard Shaving Body Hair Trimmer Clippers Electric Hair Cutting Machine Professional Barber Men Trimmer Shaver ,0.99,53 sold
469,Kemei 2373 Barber Fade Hair Clippers Professional Cordless Hair Trimmer Electric Men Hair Cutting Machine Magnetic Motor 8800RPM ,80.97,45 sold
470,Kemei All-metal professional hair trimmer beard cordless hair clipper men grooming trimer electric hair cutting machine haircut ,9.6,38 sold
471,Nose Hair Trimmer for Men Stainless Steel Manual Shaver Suitable For Nose Hair Razor Washable Portable Nose Hair Trimmer 1set ,0.99,"1,000+ sold"
472,Practical Shaving Nose Trimmer Face Care Electric Shaving Nose Ear Trimmer Safety Face Care for Men Beard Cleaning ,2.51,82 sold
473,2023 NEW XIAOMI Mijia Electric Nose Hair Trimmer Portable Nose Ears Hair Eyebrow Trimmer  for Men Rechargeable Painless Clipper ,14.55,600+ sold
474,Professional Hair Trimmer Rechargeable Hair Clipper For Men Barber Cordless Hair Cutting T Machine Hair Styling Beard Trimmer ,21.16,20 sold
475,Nose Hair Trimmer For Men And Women With No Noise Washable Manual Nasal Hair Trimmer триммер для носа aparador de pêlos do nariz ,1.58,25 sold
476,Madeshow Kulilang R77F R55 R11 Professional Cordless Hair Cutting Machine Kit LCD Display Clipper Barber Hair Trimmer for Men ,32.29,40 sold
477,ENCHEN Ear And Nose Hair Trimmer With AAA Battery Battery-Operated For Men Women Portable Painless Model EN005 N3 ,0.99,38 sold
478,Original VGR Cordless Professional Hair Trimmer For Men Beard Trimmer USB Electric Hair Clipper Edge Razor Hair Cutter Machine ,6.26,44 sold
479,All In One Hair Trimmer For Men Beard Grooming Kit Electric Shaver Body Groomer Hair Clipper Facial  Nose Ear Trimmer Washable ,15.84,500+ sold
480,Black Electric Nose Hair Trimmer For Men Women Available With Low Noise High Torque High Speed Motor Washable Nasal Hair Trimmer ,0.99,36 sold
481,Original VGR Professional Hair Trimmer For Men Adjustable Body Beard Hair Clipper Electric Rechargeable Haircut Machine Barber ,5.76,28 sold
482,1PC Electric Ear Neck Nose Hair Trimmer Eyebrow Trimmer Implement Shaver Clipper Shaver Man Woman Clean Trimer Razor Remover Kit ,0.58,23 sold
483,1/2/3pcs 2023 Newest Nasal Hair Cutter 360 Degree Rotating Clippers Nose Hair Trimmer For Women And Men Safe Portable Manual ,0.92,260 sold
484,Vintage T9 Electric Hair Clipper Hair Cutting Machine Professional Men's Electric Shaver Rechargeable Barber trimmer for men USB ,4.81,131 sold
485,POP Barbers P600F Professional 9000RPM Oil Head Electric Hair Clippers Golden Oil Gradient Push Man Electric Shaver Hair Trimmer ,19.43,28 sold
486,Kemei Hair Liners Clippers Men Beard Trimmer Zero Gapped T-Blade Hair Cutting Machine Cordless Professional Barber Edgers Cutter ,6.29,102 sold
487,Portable Electric Nose Hair Trimmer LED Display Home Men Women Nose Hair Nose Remover Face Care Kit Tools With USB Charging ,0.99,23 sold
488,Xiaomi Mijia Aluminum Alloy Body Electric Hair Clipper Hair Cutting Machine Professional Electric Shaver Barber Trimmer for Men ,29.83,19 sold
489,Portable Manual Nose Hair Trimmer Washable for Men and Women with Storage Box Waterproof Double Head Nose Hair Removal ,0.89,52 sold
490,Vintage T9 Hair Cutting Machine Professional Hair Clipper Barber Men Hair Trimmer Shaver Electric Body Hair Beard Shaving ,2.34,47 sold
491,Electric Nose Hair Trimmer For Men USB Rechargeable Nose Hair Clippers Portable Ear Hair Removal Multi-kinetic Shaving Tools ,2.42,97 sold
492,VGR Hair Clipper Rechargeable Hair Cutting Machine Cordless Hair Trimmer Electric Barber 0mm Cutting Blade Clipper for Men V-071 ,2.87,102 sold
493,Nose Trimmer for Men Stainless Steel Manual Trimmer for Nose Vibrissa Razor Shaver Washable Nose Ear Hair Trimmer Care Tools ,0.99,20 sold
494,Vintage T9  Professional Hair Clippers Electric Trimmers For Men Clipper hair cutting machine Shaver Electric Random Designer ,0.99,25 sold
495,"Professional Hair Trimmer for Men,Rechargeable Hair Clippers,7500 RPM,Beard Trimmer,Cordless Trimmer For Barber,Haircut Machine ",31.0,27 sold
496,ENCHEN Boost Electric Hair Clipper Professional Cordless Fast Type-C Charging Ceramic Haircut Machine Hair Trimmer For Men Adult ,8.99,43 sold
497,VGR Hair Cutting Machine Professional Hair Clipper Hair Trimmer Electric Shaver Adjustable Cordless Trimmer for Men USB V-282 ,15.99,437 sold
498,Hiena HYN-403 Hair Clipper Professional Electric Hair Trimmer Barber Shaver Trimmer Beard 0mm Men Hair Cutting Machine for Men ,0.99,21 sold
499,Hair Clipper Electric Barber Hair Trimmers For Men Adults Kids Cordless Rechargeable Hair Cutter Machine Professional ,0.99,21 sold
500,Black Electric Nose Hair Trimmer For Men And Women Available With Low Noise High Torque High Speed Motor Washable Nasal Hai T2J8 ,0.99,63 sold
501,Nose Hair Trimmer Electric Portable Men Mini Nose Hair Trimmer Portable Painless Nose Ears Hair Eyebrow Trimmer For Men ,0.63,63 sold
502,Electric Nose Hair Trimmer Rechargeable Nose Hair Trimmer for Men ,3.19,379 sold
503,Kemei Vintage T9 0MM Electric Cordless Hair Cutting Machine Professional Hair Barber Trimmer Men Clipper Shaver Beard Lighter ,0.99,32 sold
504,Hair Clipper Electric Hair Cutting Machine Husband Hair Trimmer for Man Shaver Barber Professional Beard Trimmer Hair Cutter ,10.01,133 sold
505,Kemei Hair Trimmer Hair Clipper Professional Barber Trimmer Electric Shaver Hair Cutting Machine Rechargeable Trimmer Men KM-658 ,2.4,32 sold
506,XIAOMI MIJIA Hair Trimmer Machine Hair Clipper IPX7 Waterproof Professional Cordless Men Electric Hair Cutting Barber Trimmers ,23.52,25 sold
507,VGR Hair Trimmer Professional Hair Cutting Machine Cordless Haircut Vintage Hair Clippers Digital Display Clipper for Men V-106 ,18.72,53 sold
508,All in one hair trimmer for men grooming kit facial body wet dry hair clipper facial body groomer rechargeable haircut machine ,15.83,59 sold
509,KEMEI KM-1407 Rechargeable Electric Nose Hair Clipper Multifunctional Men Hair Trimmer Professional Electric Shaver Beard Razor ,0.99,19 sold
510,VGR Waterproof Razor Electric Shaver for Men Body Hair Trimmer Bikini Trimmer Razor for Intimate Areas Epilator for Women ,7.43,111 sold
511,VGR Vintage Hair Clipper Set Professional Mens Hair Trimmer Set Electric Hair Cutting Machine Set for Barber V-670 ,28.44,72 sold
512,Portable Nose Hair Trimmer for Men Stainless Steel Manual Trimmer for Nose Vibrissa Razor Shaver Washable Ear Hair Remover ,0.99,2 sold
513,Vintage T9 Hair Clippers for Men Hair Cutting Machine Kit T-Blade Trimmer Combo Cordless Barber Clipper Set Mens Beard Shaver ,0.99,28 sold
514,1Pc Portable Stainless Steel Nose Trimmer for Men Manual Trimmer for Shaver Washable Nose Ear Hair Trimmer Professional Scissors ,0.52,58 sold
515,With box 2023 OHS Metal Body Vintage T9 Cordless Hair Cutting Machine Electric Shaver For Man Hair Clipper Barber Trimmer Beard ,0.99,28 sold
516,Hiena HYN-008 Electric Hair Clipper Professional Hair Cutting Machine Hair Trimmer Cordless USB Rechargeable Men Beard Shaver ,0.99,131 sold
517,"Portable Epilator Hair Remover for Arms Legs Underarms Area,and Face Hair Removal Epilator for Women and Men E74C ",6.81,256 sold
518,T9 Hair Cutting Machine For Men Vintage Hair Clipper for Body Hair Shaving Cordless Barber Beard Trimmer Electric Shaver ,0.99,233 sold
519,4 in 1 Electric Hair Remover Rechargeable Man Shaver Nose Hair Trimmer Eyebrow Shaper Leg Armpit Bikini Trimmer Women Epilator ,6.66,38 sold
520,Nose Hair Ear Trimmer For Men Stainless Steel Manual Washable Portable Tondeuse Nez hair remover Nose Vibrissa Razor Shaver ,1.94,38 sold
521,Keme 385 3in1 Waterproof Nose Ear Hair Trimmer For Men Rechargeable Eyebrow Beard Trimmer Electric Ear Cleaner Nose Hair Removal ,0.99,20 sold
522,HTC Men's Electric Groin Hair Trimmer Pubic Hair Trimmer Body Grooming Clipper for Men Bikini Epilator Rechargeable Shaver Razor ,7.1,134 sold
523,Nose Hair Ear Trimmer For Men Stainless Steel Manual Washable Portable Tondeuse Nez hair remover Nose Vibrissa Razor Shaver ,0.99,88 sold
524,50g Nose Hair Removal Wax Nose Ear Hair Removal Kits Painless & Easy Mens Nasal Waxing Lightweight Portable Hair Removel Tools ,8.2,15 sold
525,"1PC Electric Nose Hair Trimmer, Professional Painless Nose And Ear Hair Trimmer For Women Men Waterproof Stainless Steel Head ",0.82,6 sold
526,1Pc Nose Trimmer for Men Portable Stainless Steel Manual Trimmer for Shaver Washable Nose Ear Hair Trimmer Professional Scissors ,0.99,3 sold
527,3in1 Rechargeable Nose Trimmer Beard Trimer For Men Micro Shaver Eyebrow Nose Hair Trimmer For Nose And Ear Cleaner Grooming Set ,5.99,29 sold
528,Sharp Blade Safe Trimming Barbering Electric Nose Hair Scissor Shaving Tool Electric Nose Hair Scissor Men Accessories ,0.77,11 sold
529,6 In 1 Nose Ear Hair Trimmer Beard Electric Shaver Multi Electric Shaver Electric Shaver For Bald Men LED Display ,20.49,11 sold
530,Original Kemei Rechargeable 4in1 Micro Hair Trimmer For Men Electric Shaver Beard Trimer Nose Ear Eyebrow Trimmer For Nose Cuts ,6.26,125 sold
531,Original Kemei Professional Cordless Rechargeable Hair Trimmer For Men Electric Hair Clipper Hairdressing Beard Grooming Shaver ,18.42,251 sold
532,Original Kemei Beard Hair Trimmer For Men Electric Hair Clipper Cordless Professional Haircut Machine Rechargeable ,12.7,146 sold
533,VGR Hair Cutting Machine Professional Hair Clipper Hair Trimmer Electric Shaver Adjustable Cordless Trimmer for Men USB V-282 ,8.12,87 sold
534,Nose Hair Trimmer USB Charging Electric Portable Men Mini Nose Hair Trimmer Safe Face Care Rechargeable ,0.99,9 sold
535,Mi Nose Hair Trimmer Electric Rechargeable Nose Trimmer Men Shaver Razor Women Epilator Cutter Waterproof ,6.56,6 sold
536,Hot Electric Nose Hair Trimmer For Men USB Rechargeable Ear Nose Hair Trimmer Professional Trimming Tool Nose Hair Trimmer ,3.89,6 sold
537,Hair Clipper Professional Hair Clipper Trimmer Set Hair Cutting Machine Cordless Barber Clipper LED Display Beard Trimmer Men ,41.94,42 sold
538,Electric Nose Trimmer Mini Portable Ear Trimmer for Men Nose Hair Shaver Waterproof Safe Cleaner Tool Razor Men ,4.95,1 sold
539,New Arrival Nose Ear Trimmer Electric Nose Ear Shaver Hair Clip Nose Ear Cleaner Facde Care For Men 1PC ,0.57,2 sold
540,1pc Original Electric Shaver For Men Beard Trimmer Shaver Portable Hair Clipper Rechargeable Shaving Beard Machine  ﻿ ,8.15,2 sold
541,Washable Stainless Steel Nose Hair Trimmer Cleaner Manual Mechanical Shaving Razor Detachable Hair Removal Tools For Women Men ,0.99,113 sold
542,Metal  Safe Electric Powerful Nose Trimmer Adjustable Nose Hair Shaver Rotation Head   for Men ,1.48,1 sold
543,Electric Nose Hair Shaving Eyebrow Removal Shaver Face Care for Men Multifunctional Eyebrow Nose Hair Remover Tools ,3.07,1 sold
544,YD-103Men Nose Hair Trimmer Nose Hair Shaver Electric Men Nose Hair Shaver Men Nose Hair Scissors ,0.99,11 sold
545,"Cordless Hair Clippers for Men - Waterproof Beard Trimmer with Ceramic Blade, Rechargeable Electric Hair Cutting Kit ",1.17,1 sold
546,Professional Hair Clippers Rechargeable Hair Clipper Transparent Electric Hair Trimmers For Men Cordless Hair Cut Machine ,0.99,"2,000+ sold"
547,T9 Hair Trimmer Professional Electric Trimmers or Adults Men Cordless Rechargeable Hair Clipper Rechargeable LCD Digital Display ,0.99,28 sold
548,VGR Hair Clipper Professional Portable Hair Cutting Machine Rechrageable Cordless Trimmer Barber Hair Clippers for Men V-082 ,6.84,28 sold
549,T9 Hair Clipper Beard Shaving Body Hair Trimmer Clippers Electric Hair Cutting Machine Professional Barber Men Trimmer Shaver ,0.99,53 sold
550,VGR Hair Cutting Machine Adjustable Hair Trimmer Cordless Clipper Electric Barber LED Display Trimmer for Men with Base V-256 ,33.57,35 sold
551,Nose Hair Trimmer Electric Portable Men Mini Nose Hair Trimmer Portable Painless Nose Ears Hair Eyebrow Trimmer For Men ,0.63,35 sold
552,2023 NEW XIAOMI Mijia Electric Nose Hair Trimmer Portable Nose Ears Hair Eyebrow Trimmer  for Men Rechargeable Painless Clipper ,3.97,"5,000+ sold"
553,Electric Hair Cutting Machine Vintage T9 Clipper Hair Rechargeable Man Hair Clippers Shaver Trimmer For Men Barber Professional ,1.45,60 sold
554,Full Metal Cordless Professional 7000RPM Hair Clipper Men's Beard Electric Hair Clipper Adjustable Kit ,30.83,16 sold
555,Electric Hair Trimmer Vintage Cordless Beard Clipper USB Charging Hair Cutting Machine For Hairdressers Travelers Shaver Barber ,0.99,90 sold
556,Electric Hair Clippers Barber Clippers Digital USB Chargingfor Men (Skull) ,0.99,2 sold
557,Kemei Professional Hair Clipper For Men Adjustable Cordless Electric Hair Trimmer Rechargeable Hair Cutting Machine Lithium ,24.33,"5,000+ sold"
558,T9 Hair Clipper Beard Shaving Body Hair Trimmer Clippers Electric Hair Cutting Machine Professional Barber Men Trimmer Shaver ,0.99,53 sold
559,VGR Clipper Rechargeable Trimmer Professional Hair Cutting Machine Waterproof Haircut Machine Electric Trimmer for Men V-938 ,16.61,53 sold
560,Electric Hair Trimmer Vintage Cordless Beard Clipper USB Charging Hair Cutting Machine For Hairdressers Travelers Shaver Barber ,0.99,90 sold
561,VGR Trimmer Professional Hair Clipper Rechargeable Hair Cutting Machine Cordless Hair Clipper Electric Trimmer for Men V-975 ,13.98,90 sold
562,Nose Hair Trimmer Electric Portable Men Mini Nose Hair Trimmer Portable Painless Nose Ears Hair Eyebrow Trimmer For Men ,0.63,90 sold
563,Kemei 2299 Barber Cordless Hair Trimmer 0mm Zero Gapped Carving Clipper Detailer Professional Electric Finish Cutting Machine ,3.51,"2,000+ sold"
564,High quality Professional kemei Electric Hair Clippers for Salon Baber Hair Trimmer KEMEI KM-1990 ,10.86,34 sold
565,VGR Professional Hair Clipper Electric Beard and Hair Trimmer For Men Haircut Set Hair Cutting Machine Rechargeable V-699/V-971 ,1.22,47 sold
566,VGR Hair Clipper Electric Hair Cutting Machine Cordless Haircut Machine Rechargeable Hair Trimmer Portable Trimmer for Men V-956 ,0.99,398 sold
567,2024 New Vintage T9 Hair Cutting Machine Men's Electric Shaver Rechargeable Hair Trimmer Beard Clipper Barber Hair Cut Hot Sale ,0.99,11 sold
568,Nose Hair Trimmer USB Charging New High Quality Electric Portable Men Mini Nose Hair Trimmer ,2.99,"10,000+ sold"
569,Long Handle Folding Shaver for Men Body Leg Back Hair Trimmer Hair Removal Tool Detachable Pain-Free Back Hair Removal Shave ,14.09,12 sold
570,Full Metal Professional Hair Clipper Combo Kit Barber Cordless Hair Trimmer For Men Powerful Electric Hair Cut Machine Tool ,24.41,159 sold
571,Professional T9 Vintage Electric Rechargeable Hair Clipper Machine Hair Barber Trimmer For Men Hair Cutting ,0.67,800+ sold
572,"Original VGR Cordless Professional Hair Clipper For Barber,Salon,Home Hair Trimmer For Men Beard & Hair Cutting Machine Lithium ",11.68,72 sold
573,VGR071 T-blade Cutting Machine Barber Rechargeable Professional Hair Clipper Trimmer for Men Cordless ,0.99,253 sold
574,Electric Hair Cutting Machine Vintage T9  Hair Cutting Machine Professional Barber Men Trimmer Shaver hair clipper ,0.99,10 sold
575,T9 Hair Clipper Beard Shaving Body Hair Trimmer Clippers Electric Hair Cutting Machine Professional Barber Men Trimmer Shaver ,0.99,"5,000+ sold"
576,Kemei Barber Electric Hair Trimmer Professional USB Rechargeable Beard Hair Clipper For Men Hair Cutting Machine ,12.69,36 sold
577,VGR Hair Clipper Electric Hair Cutting Machine Cordless Haircut Machine Rechargeable Hair Trimmer Portable Trimmer for Men V-956 ,0.99,"2,000+ sold"
578,T9 Hair Clipper Beard Shaving Body Hair Trimmer Clippers Electric Hair Cutting Machine Professional Barber Men Trimmer Shaver ,0.99,"5,000+ sold"
579,Kemei adjustable electric facial beard hair trimmer for men grooming rechargeable hair clipper electric hair cutting machine ,0.99,"1,000+ sold"
580,Kemei KM-1949 Pro electric barber full metal professional hair trimmer for men beard hair clipper finishing hair cutting machine ,9.13,"2,000+ sold"
581,Vintage Electric Hair Cutting Machine Hair Clipper Professional Men Shaver Rechargeable Barber Trimmer for Men Barber Machines ,0.99,5 sold
582,VGR Rechargeable Hair Trimmer Beard Hair Clipper Rechargeable Hair Cutter Electric Haircut Machine For Men V-191 ,0.99,11 sold
583,New pattern WMARK NG-9003 High Speed Professional Hair Clipper Microchipped Magnetic Motor 10000RPM 9V Motor With Charge Stand ,61.75,2 sold
584,T9 Vintage Hair Trimmer Portable Hair Cutting Machine USB Fast Charging Shaver Barber Cordless Hair Clipper For Men's Barbe ,0.99,117 sold
585,T9 Hair Clipper Beard Shaving Body Hair Trimmer Clippers Electric Hair Cutting Machine Professional Barber Men Trimmer Shaver ,1.82,51 sold
586,New In Hair Cutting Machine Clipper for Men Barber Shop Trimmer for Men Mower Men's Electric Shaver Haircut Beard Trimmer ,0.99,71 sold
587,Kemei KM-1949 Hair Clipper Portable Hair Trimmer Electric Professional Haircut Machine Metal Barber 0mm Cutting Trimmer for Men ,21.7,5 sold
588,Electric Hair Clipper Professional USB Cordless Clipper Professional Beard Trimmer Haircut Grooming Kit Hair Cutting Machine ,0.99,500+ sold
589,Professional 5-Star Stylecraft Magic Clip Legend Cordless Hair Clipper&Trimmer&Foil Shaver Haircut Kit For Barbers and Stylists ,44.25,31 sold
